wall_type,wall_ext_rigid_in,roof_type,roof_deck_rigid_in,window_rsi,window_shgc,slab_rsi,furnace_efficiency_pct,eui_kwh_m2_yr,tedi_kwh_m2_yr,heating_demand_kwh_yr,peak_heating_load_w,peak_cooling_load_w,error
WA1,4.45,RA1,1.47,0.626,0.246,2.313,89.3,53.87189408843332,33.538486466289484,3148.29807112975,5730.107910156,3306.035400391,
WA2,0.18,RA1,1.31,0.955,0.212,0.877,91.0,58.46965053784447,39.46831343757481,4611.298289244594,6406.377441406,3387.929443359,
WA2,2.7,RA1,1.67,1.282,0.541,0.773,87.2,56.0652764557225,36.19446570638187,3845.9578480767664,5936.017578125,3313.102294922,
WA2,1.29,RA1,4.58,0.592,0.371,1.301,85.8,56.2926254081598,36.23365762187772,3918.270402301283,5968.152832031,3333.195068359,
WA2,4.38,RA1,3.22,1.376,0.37,1.813,94.1,52.65326985474919,32.83313474887204,2760.6844097085473,5573.043945313,3279.949462891,
WA2,4.23,RA1,0.27,0.705,0.33,0.561,84.0,56.636753713913805,36.301964063063686,4027.7300379444064,5936.783203125,3300.815673828,
WA1,1.67,RA2,3.81,0.828,0.367,0.905,84.5,57.9550005236035,37.88587603175992,4447.0290832798455,6164.612304688,3358.089111328,
WA1,3.2,RA1,1.47,0.916,0.321,2.802,91.7,54.23341236970621,34.18124471784849,3263.2869492772966,5851.19140625,3329.222412109,
WA1,5.06,RA2,4.66,0.706,0.214,1.186,84.6,54.333527995546824,33.90578205876017,3295.1312959694383,5635.259765625,3281.043212891,
WA1,1.28,RA2,3.0,1.296,0.489,0.729,82.4,59.45933340303297,39.09541435577101,4926.092668940874,6313.416992188,3375.756591797,
WA2,5.39,RA2,2.4,0.697,0.649,1.7,81.5,53.63145268203353,32.48883294263143,3071.8204777352344,5514.111328125,3268.884033203,
WA1,0.92,RA1,0.96,1.112,0.468,1.37,90.1,58.95441111490248,39.75043838959253,4765.490997701281,6489.069335938,3406.635986328,
WA2,5.83,RA2,5.16,0.51,0.524,2.157,89.1,51.84858035643207,31.211374728868364,2504.7333461704534,5366.207519531,3256.076904297,
WA2,0.67,RA2,2.61,0.908,0.629,2.671,84.5,56.18146948009567,35.48957964044661,3882.916398384111,6007.112304688,3357.329345703,
WA1,5.22,RA1,1.79,1.075,0.474,0.755,93.0,54.5626792422548,35.29014409114806,3368.020022138861,5807.090820313,3292.833251953,
WA1,2.93,RA2,0.67,0.827,0.643,2.488,84.1,55.62765204233622,34.776387534985005,3706.7594429654077,5915.411132813,3336.223876953,
WA1,0.51,RA1,2.92,0.562,0.542,2.379,82.2,59.39197889413888,38.545896439447766,4904.668515312624,6413.306152344,3417.342529297,
WA2,1.59,RA1,5.23,0.881,0.295,1.779,92.4,54.365649480204084,34.814248484207006,3305.3480387553896,5832.54296875,3323.240966797,
WA1,2.39,RA2,4.03,0.836,0.605,1.546,84.2,56.128460035449756,35.72796233916969,3866.0552330928444,5934.620117188,3334.825439453,
WA1,0.13,RA2,3.32,1.03,0.203,2.226,81.0,60.62619413987536,39.62138957563185,5297.240130071126,6542.916992188,3438.243408203,
WA1,5.16,RA1,0.43,0.714,0.501,0.918,82.2,56.31262054933341,35.5798183989244,3924.632164528595,5887.42578125,3304.015869141,
WA2,4.71,RA1,4.84,0.671,0.244,1.492,87.2,53.45711983672369,33.18710266309339,3016.3690888019846,5554.783203125,3270.583740234,
WA2,4.04,RA1,5.9,0.589,0.381,1.249,94.6,53.02173413329326,33.60918171670465,2877.8841167467517,5596.605957031,3276.268310547,
WA1,1.14,RA1,2.69,0.88,0.325,1.012,95.7,57.41241994219011,39.08249721441329,4275.0203484200165,6352.930664063,3386.057373047,
WA2,0.3,RA1,6.0,1.252,0.636,2.805,94.4,54.999347540194584,35.61920241728198,3506.9127089166413,6020.065429688,3364.268310547,
WA1,2.91,RA2,1.28,0.861,0.226,1.354,96.8,55.021018382375956,36.27609310831706,3513.806968922157,5995.21875,3332.688720703,
WA2,1.71,RA2,4.18,1.157,0.553,2.104,88.3,54.48252877598408,34.297721471889425,3342.526858229577,5792.573242188,3320.895751953,
WA1,1.31,RA2,0.35,1.162,0.227,1.181,80.9,59.950310396768565,39.10178039314811,5082.258033510251,6387.764648438,3388.923583984,
WA2,0.34,RA1,3.05,1.266,0.231,0.53,94.7,57.79318712827574,39.502457383179525,4396.131459628016,6338.623046875,3371.545654297,
WA2,5.65,RA1,3.42,1.021,0.218,0.567,91.2,53.95914046436025,34.44530307039545,3176.0484508741724,5644.470703125,3265.223876953,
WA2,1.23,RA2,4.3,0.715,0.378,2.13,85.1,55.365729685396026,34.84829616572989,3623.448353454314,5870.32421875,3333.511962891,
WA2,0.06,RA1,3.73,1.007,0.245,1.775,88.6,57.2499669154464,37.57098511330555,4222.776153655999,6220.896484375,3381.626708984,
WA1,5.29,RA2,5.28,0.833,0.271,2.559,92.0,52.10257728240577,31.756575240987683,2585.523276790641,5470.555175781,3276.473388672,
WA1,5.59,RA2,0.62,1.29,0.319,2.708,92.6,52.78737588782662,32.51490090387512,2803.340659742673,5617.590332031,3291.343994141,
WA1,1.69,RA2,1.26,0.809,0.509,2.61,88.6,56.19454194486682,36.102481181239476,3887.0732994985474,6099.608398438,3368.025146484,
WA2,0.55,RA1,2.54,0.749,0.202,2.393,90.8,55.87832421796723,36.144699832679464,3786.493329973639,6085.373046875,3365.352783203,
WA2,4.45,RA1,3.31,0.885,0.204,0.549,95.0,54.116013374164886,35.13315895315581,3225.946183136313,5736.666992188,3278.728759766,
WA1,5.01,RA1,3.5,0.633,0.257,1.167,95.3,53.53434199170091,34.29789747702896,3040.932077154968,5698.150390625,3287.668701172,
WA1,1.26,RA2,1.5,0.593,0.551,2.693,86.9,56.9922021618366,36.72297365345747,4140.789933868187,6188.1171875,3383.223876953,
WA1,5.19,RA1,5.86,1.23,0.597,0.416,92.5,54.6144194182278,35.52550975640049,3384.4759140964698,5747.439453125,3278.306396484,
WA2,4.81,RA2,5.18,1.23,0.32,2.437,81.8,52.774619907086006,31.411701178320012,2799.2822289060928,5414.98046875,3266.577880859,
WA1,1.33,RA2,4.9,0.914,0.337,2.458,83.9,56.73352460109375,36.09807838566252,4058.5102029690306,6065.4375,3368.128173828,
WA1,2.39,RA1,1.67,0.562,0.548,1.281,88.7,56.705347509003815,37.05676716915947,4049.5491568507505,6102.546875,3347.831787109,
WA2,0.69,RA1,5.82,0.661,0.633,1.053,81.8,57.763517563464106,37.21358099255989,4386.125220453345,6080.921875,3349.280517578,
WA2,4.37,RA2,1.88,1.046,0.43,1.371,89.8,53.83692757655869,33.91824410171307,3137.175295565296,5664.3203125,3282.716064453,
WA2,4.25,RA1,0.01,1.333,0.442,2.256,92.6,53.64274617252947,33.59757198233841,3075.410701349218,5759.224609375,3303.516845703,
WA1,2.59,RA2,5.69,1.329,0.48,2.108,82.1,55.387886913184275,34.46168829234381,3630.4972359599537,5809.665039063,3325.420166016,
WA2,4.0,RA2,1.96,1.127,0.449,0.858,91.3,54.30587060409151,34.76308149822941,3286.335180684624,5739.377929688,3287.133056641,
WA2,3.69,RA1,1.81,0.993,0.2,1.11,87.3,54.90641110983294,34.832881903750454,3477.352161948548,5781.971679688,3296.043701172,
WA2,2.65,RA2,4.05,0.96,0.557,2.894,92.5,52.83999888845566,32.65642370068227,2820.0789411449523,5620.27734375,3300.970947266,
WA1,3.09,RA2,3.8,0.802,0.568,2.341,91.4,53.88273117492607,33.92558984089164,3151.745336688063,5761.60546875,3318.043701172,
WA1,0.88,RA1,0.28,1.386,0.475,2.386,87.7,58.608563799827266,38.59137785019735,4655.483944557721,6453.172363281,3414.831787109,
WA1,2.97,RA2,1.46,1.09,0.202,2.34,93.1,54.30698662782864,34.59132450155945,3286.688913184907,5870.082519531,3330.255126953,
WA1,1.31,RA2,4.82,1.126,0.409,1.827,95.6,55.685522018359926,36.85976200650325,3725.1676463134677,6118.64453125,3369.143798828,
WA1,0.8,RA2,2.79,0.978,0.452,1.191,92.8,58.11278957134531,39.40992575992293,4497.7905308204545,6406.290527344,3398.758544922,
WA2,4.98,RA2,3.29,1.307,0.535,1.608,84.4,53.38865929825145,32.644611309503624,2994.593101284563,5519.548339844,3269.888427734,
WA1,4.59,RA2,3.13,1.064,0.324,0.555,84.9,55.82179680140689,35.723465304716655,3768.513186625922,5815.829589844,3292.406494141,
WA2,1.92,RA2,3.24,0.625,0.304,2.189,92.0,53.97036066406574,34.134284692932724,3179.6158878214706,5781.801269531,3318.728759766,
WA1,2.45,RA2,3.26,0.874,0.293,1.463,95.4,55.102025021629856,36.239281900354065,3539.571942831658,5979.724609375,3335.568603516,
WA1,2.86,RA2,5.66,0.769,0.375,2.713,94.2,53.34993495289973,33.57335586085845,2982.2751218302647,5730.125976563,3318.735595703,
WA1,1.32,RA2,2.62,0.526,0.351,2.15,86.9,56.94002557017842,36.83011296272869,4124.192440243799,6155.263671875,3375.542724609,
WA1,5.52,RA2,5.88,0.981,0.608,1.919,91.3,52.393829400131615,32.2267222677548,2678.1646071425316,5483.219726563,3272.245361328,
WA1,0.81,RA2,2.77,0.545,0.371,0.911,85.6,59.58526747935306,39.77453692600168,4966.146922306251,6432.363769531,3398.315673828,
WA2,4.51,RA2,4.99,0.727,0.237,0.401,89.2,54.74305860266592,35.231530410489036,3425.3941541292043,5703.150390625,3270.539794922,
WA2,3.9,RA1,4.69,1.087,0.539,2.866,83.4,53.018062915569736,31.769944707991147,2876.7154970235947,5496.833984375,3281.266357422,
WA1,1.43,RA1,2.84,0.603,0.626,1.582,84.4,57.82158409361033,37.52253432124241,4404.592831301452,6198.929199219,3373.326416016,
WA2,3.64,RA1,5.78,1.147,0.55,0.784,85.3,54.764442942420445,34.574893012523546,3432.1948269124227,5686.698730469,3282.147216797,
WA1,3.45,RA2,5.45,0.838,0.624,0.876,90.1,54.98620844711455,35.48884918130321,3502.7332928021865,5823.020507813,3306.160400391,
WA1,4.18,RA1,1.81,1.116,0.562,2.46,89.6,53.80783434653158,33.48209614454411,3127.9223658356714,5728.951660156,3308.328857422,
WA1,3.2,RA2,3.97,0.562,0.491,0.384,87.1,56.9445029892168,37.39761155530392,4125.616051356048,6002.471679688,3315.112060547,
WA2,2.6,RA1,2.17,1.302,0.407,0.755,83.0,56.610662086843924,36.16145753267206,4019.430884326656,5923.676757813,3312.123291016,
WA2,2.79,RA2,4.95,1.033,0.345,1.001,95.9,53.830344704182245,34.8265031806731,3135.081111396954,5746.463867188,3296.054443359,
WA2,1.46,RA2,2.79,1.049,0.371,0.426,94.5,56.52231967549786,38.03587575650996,3991.3321970819547,6108.344726563,3331.862060547,
WA1,1.27,RA2,4.79,0.806,0.596,2.208,84.7,56.91003618965881,36.477178053654555,4114.6535949583895,6099.78125,3370.874755859,
WA1,0.51,RA1,4.32,0.94,0.541,2.18,91.0,57.769267582852834,38.459317651334715,4388.524851566375,6377.356933594,3412.229736328,
WA2,4.76,RA2,0.56,0.699,0.511,1.161,89.9,54.218834106376924,34.34957179844569,3258.6501762180314,5726.11328125,3286.082763672,
WA2,2.55,RA2,4.48,0.798,0.516,1.068,84.3,55.34471513127117,35.00741234242165,3616.763783171189,5779.364257813,3301.707275391,
WA1,1.89,RA1,4.46,1.356,0.511,0.858,92.6,56.54042257409647,37.645952140973286,3997.088219308782,6126.634765625,3350.947998047,
WA2,5.88,RA2,5.0,0.767,0.362,1.151,92.0,52.59416725588444,32.77548275363033,2741.884496637952,5475.1640625,3255.980224609,
WA1,0.27,RA2,0.33,0.763,0.625,2.04,92.8,59.16724176896451,40.25316087983836,4833.186852755439,6643.161132813,3443.960693359,
WA1,3.44,RA1,2.82,0.896,0.283,0.486,96.0,55.631656400730854,37.14056590693493,3708.032772133093,6004.116699219,3316.896728516,
WA2,4.93,RA1,2.4,0.567,0.483,0.492,82.5,55.786766992900816,35.29852987085876,3757.370066061452,5754.295898438,3277.124267578,
WA2,5.96,RA1,0.71,1.188,0.473,2.445,83.8,53.366372145522874,32.158429258949084,2987.5040712788923,5559.791503906,3277.801513672,
WA2,5.45,RA2,1.78,1.03,0.393,1.857,81.0,53.673398503587165,32.396409416806414,3085.161949134796,5522.566894531,3271.113525391,
WA1,3.75,RA1,1.59,0.573,0.308,1.813,82.7,55.52440488859801,34.64561448756302,3673.919273772469,5838.334472656,3317.331298828,
WA2,4.14,RA2,2.82,0.529,0.33,1.099,94.6,53.43255066572582,34.09596246227151,3008.5538760179543,5664.626953125,3281.643310547,
WA1,5.54,RA1,4.73,1.063,0.498,2.824,87.2,52.47222421212255,31.58696250143655,2703.0984179958123,5468.956054688,3276.656005859,
WA1,5.45,RA1,4.96,0.564,0.275,1.165,92.7,53.333531075304336,33.762996415601435,2977.0589215483137,5616.177734375,3277.152587891,
WA2,0.75,RA2,4.13,1.13,0.624,1.676,88.4,55.99953435033141,36.1875067308516,3825.0461186155926,6012.77734375,3349.407470703,
WA1,5.34,RA1,4.41,1.043,0.212,0.957,91.5,53.791823575434606,34.19835336268202,3122.830134998264,5661.231445313,3280.150634766,
WA1,3.46,RA2,4.58,0.658,0.434,1.522,84.7,54.94205722975951,34.51195020085466,3488.690595290953,5761.092773438,3307.999755859,
WA2,5.81,RA2,2.82,0.868,0.344,0.627,82.7,54.72167426203808,34.158762743644324,3418.5918538459846,5615.192871094,3263.103271484,
WA2,1.73,RA2,5.67,1.232,0.448,1.555,85.3,55.14602965653068,34.83478139567129,3553.567982565077,5805.673339844,3316.826416016,
WA2,5.82,RA1,2.43,0.963,0.645,2.093,89.2,52.49682336647073,31.955671251746473,2710.9231249465165,5483.791992188,3267.875732422,
WA2,1.13,RA1,2.17,1.181,0.481,2.364,83.5,56.18310853527156,35.360724420961034,3883.43614671786,5978.223632813,3347.393798828,
WA1,2.63,RA2,4.19,0.609,0.638,1.964,84.1,55.409001409772436,34.79254728664529,3637.2132731875486,5848.642578125,3327.969970703,
WA1,3.31,RA2,3.31,0.584,0.647,2.769,87.8,53.93991487954294,33.41621795737759,3169.9346269803923,5722.004882813,3314.806884766,
WA1,2.99,RA1,4.3,0.958,0.323,2.562,96.7,53.35410921374401,33.87388716310103,2983.604603220217,5771.227539063,3321.166259766,
WA1,3.31,RA2,2.3,1.33,0.429,2.68,94.7,53.46384595987691,33.705362649831514,3018.5072182481395,5763.217773438,3318.635009766,
WA2,2.04,RA2,4.73,0.74,0.201,2.274,94.2,53.360712074438474,33.670395925742575,2985.7044837774524,5717.098632813,3311.674560547,
WA2,2.68,RA1,2.91,0.799,0.543,1.35,95.9,54.104050269775996,35.04802018851582,3222.1405734110463,5817.065917969,3307.080322266,
WA1,3.43,RA1,1.4,1.198,0.22,2.323,92.0,54.29940433169226,34.403184841739254,3284.2776176274224,5851.27734375,3324.843994141,
WA2,5.93,RA2,4.75,1.087,0.268,2.907,82.1,52.10142794538749,30.551025338338057,2585.157608457015,5326.845703125,3256.118896484,
WA2,5.25,RA1,2.64,0.973,0.406,2.264,87.0,52.75507450656071,31.973629114522783,2793.065052234452,5498.28515625,3272.525146484,
WA1,2.82,RA1,5.82,0.805,0.512,2.072,94.5,53.80249075947771,34.320920046681486,3126.2215194454216,5789.541503906,3321.114990234,
WA2,3.76,RA2,5.32,0.939,0.443,1.986,84.0,53.37206886156585,32.497377457777525,2989.3158660025642,5528.732421875,3279.635498047,
WA2,4.48,RA1,2.6,0.589,0.485,2.662,87.5,52.820939874410556,32.017690543389214,2814.015573084546,5532.224609375,3281.399658203,
WA2,0.28,RA1,4.78,0.764,0.369,0.736,89.0,57.94192805883234,38.69414751823032,4443.442657721421,6253.579101563,3368.198486328,
WA1,1.05,RA1,3.66,0.844,0.507,1.669,89.9,57.36048987544946,37.94256314352329,4257.931318406346,6261.3203125,3386.176513672,
WA1,3.83,RA2,2.76,1.1,0.605,1.583,84.9,54.87777761461312,34.401232473521226,3468.2446316634846,5762.731445313,3306.522216797,
WA1,2.65,RA1,2.07,1.029,0.488,1.474,84.3,56.80411724370364,36.45843749557385,4080.962731042548,6025.069824219,3338.591064453,
WA2,6.0,RA1,5.12,0.596,0.372,1.301,85.0,53.23108346127274,32.67104620589333,2944.4713023555773,5473.086914063,3256.555419922,
WA2,5.87,RA1,3.95,0.747,0.455,2.167,92.7,51.80580501356815,31.500383606779693,2491.128202826236,5416.201171875,3261.236572266,
WA1,5.0,RA2,5.42,1.198,0.304,2.475,83.7,53.08130979280175,31.996173772294817,2896.833498428578,5497.551269531,3280.102783203,
WA1,4.07,RA2,4.33,1.093,0.577,2.015,95.4,52.909622089782616,33.30267039492657,2842.222495884889,5646.624511719,3297.220947266,
WA1,4.73,RA2,0.2,0.828,0.259,2.761,85.6,54.12224977916049,33.20489166265889,3227.9288761934545,5722.755371094,3306.468017578,
WA2,1.2,RA1,4.72,1.289,0.365,1.68,84.6,55.9442395566121,35.53983696408026,3807.4582277681893,5924.590820313,3335.411376953,
WA1,5.48,RA2,5.67,1.371,0.333,2.657,93.7,51.781602297395835,31.511078455535205,2483.4301778200775,5441.520507813,3273.179443359,
WA2,0.84,RA1,5.8,1.274,0.526,2.947,96.4,53.97599408347727,34.58417267736075,3181.411135322907,5885.663085938,3344.058837891,
WA2,4.74,RA1,0.08,0.983,0.405,2.133,91.4,53.58192789602094,33.409433174868724,3056.067710778188,5721.689453125,3296.727294922,
WA2,0.65,RA2,1.4,0.523,0.598,1.838,95.6,55.663264848108355,36.730107034223465,3718.0881107522487,6123.490722656,3363.777587891,
WA1,3.81,RA1,2.79,1.131,0.492,0.659,80.8,56.99935803732013,36.26543962301375,4143.065866925564,5917.609375,3309.846923828,
WA1,5.98,RA2,0.7,0.711,0.442,1.38,86.3,54.46993936601568,34.137724417149485,3338.5213243374837,5707.859863281,3286.108154297,
WA2,5.31,RA1,3.93,1.25,0.477,2.838,84.8,52.3596524338046,31.147464901098267,2667.2930251893904,5413.183105469,3266.801025391,
WA2,2.66,RA1,5.7,1.27,0.245,2.167,89.3,53.42658410476989,33.173025763509834,3006.656903516437,5639.22265625,3298.564697266,
WA2,2.39,RA1,1.14,0.61,0.582,1.555,91.3,54.96767579618563,35.320704609384705,3496.8381105752487,5908.959960938,3322.682373047,
WA1,4.72,RA1,1.46,0.613,0.454,0.532,93.0,55.40598648010544,36.35957501535794,3636.2543431867816,5919.569335938,3301.954345703,
WA1,4.88,RA1,1.4,1.197,0.555,1.929,84.7,54.454874716206206,33.70105899763928,3333.7302001669846,5721.333984375,3300.015380859,
WA1,3.24,RA1,4.79,0.599,0.59,0.699,86.1,56.18690634625798,36.28356794628476,3884.644642829938,5914.55078125,3314.144287109,
WA1,0.09,RA2,1.59,0.614,0.389,0.651,81.1,63.43833318067764,42.726147146337844,6191.712244675592,6813.585449219,3448.500732422,
WA2,3.08,RA2,0.65,0.953,0.625,0.465,93.3,55.827543488244864,36.924019367092335,3770.3426135718296,5984.436523438,3308.717529297,
WA2,3.86,RA2,0.19,1.399,0.581,1.48,81.8,55.66757569637453,34.776268350010376,3719.4580107533443,5808.486816406,3300.570556641,
WA2,5.4,RA1,1.93,0.634,0.257,2.004,90.0,52.77667205707832,32.400132071612354,2799.9359830732824,5542.268554688,3274.623779297,
WA2,5.97,RA2,3.18,0.908,0.472,0.613,91.9,53.566926542842914,34.0569558264668,3051.296389107704,5596.350585938,3260.322021484,
WA1,2.71,RA2,1.37,0.805,0.404,1.452,81.6,57.16460278706213,36.40065725476683,4195.625274745389,6016.088867188,3337.038330078,
WA2,3.99,RA2,2.25,0.637,0.615,0.528,94.1,54.55487374119632,35.551456293502845,3365.5360268590953,5792.369628906,3285.948486328,
WA1,0.58,RA2,4.43,1.231,0.45,1.904,89.5,57.90580221578045,38.452961635189226,4431.9523146566735,6348.052734375,3405.576416016,
WA2,2.46,RA1,5.24,1.347,0.39,2.777,80.9,54.237176866538185,32.85212881398328,3264.4862223338114,5638.850585938,3303.550537109,
WA2,2.11,RA2,3.47,0.691,0.496,0.944,81.8,56.40816547615389,35.776417182517655,3955.0222470529066,5878.942382813,3313.679931641,
WA2,4.58,RA1,3.44,1.226,0.58,2.933,93.9,51.89198533742626,31.552232760480695,2518.5394984037202,5477.453125,3276.656494141,
WA1,0.17,RA2,1.64,1.186,0.615,1.28,83.1,61.75008631140874,41.39029165986655,5654.722226746,6694.66796875,3442.298583984,
WA1,0.42,RA2,4.45,1.375,0.241,1.756,86.4,58.96166026949446,39.09886260785937,4767.794600203124,6422.484863281,3415.134521484,
WA2,0.94,RA2,1.87,0.792,0.624,1.93,95.0,55.14550995676937,36.00350356646046,3553.4035945093897,6027.482421875,3351.252685547,
WA1,4.53,RA1,0.3,0.573,0.399,1.474,90.3,55.20228722905138,35.46727335087722,3571.461320079391,5913.333496094,3314.477294922,
WA2,1.29,RA2,3.07,0.811,0.25,2.147,90.1,54.87302035737608,34.965948242999794,3466.7312311067185,5894.383789063,3335.568115234,
WA2,1.32,RA1,5.91,0.549,0.292,2.855,93.0,53.80109156673778,33.94737845503216,3125.776640833955,5792.116210938,3328.904052734,
WA2,1.97,RA2,0.05,1.172,0.279,1.358,92.0,55.831701092448576,36.49285712242189,3771.662871906219,6042.808105469,3335.539794922,
WA2,2.38,RA1,4.45,0.893,0.407,0.556,85.3,56.3628382701077,36.39259171693936,3940.604658152484,5905.535644531,3307.356201172,
WA2,4.26,RA2,2.51,0.604,0.209,1.211,93.6,53.44884127502146,33.966371027656706,3013.734811577655,5656.909667969,3281.303955078,
WA2,0.53,RA2,5.07,0.719,0.465,1.739,86.7,56.361552344794234,36.331536349880636,3940.1953156521568,6035.579101563,3355.156982422,
WA2,1.33,RA2,4.67,0.569,0.485,1.756,83.3,55.76667524094134,35.13844401359713,3750.9795493896727,5873.995605469,3329.674072266,
WA2,4.36,RA2,4.91,1.234,0.306,0.738,83.4,54.69114519256585,34.238327974355585,3408.8802110604374,5633.864257813,3272.574951172,
WA1,1.06,RA1,4.64,0.945,0.54,2.364,87.6,56.90510569916799,36.88589819421302,4113.086754679359,6172.28515625,3382.555908203,
WA2,0.91,RA2,0.41,0.898,0.336,1.078,81.0,58.765999717706656,37.94661072988686,4704.987525430657,6219.313476563,3361.422119141,
WA1,2.77,RA2,0.23,0.832,0.329,2.058,96.6,54.734610138514036,35.59808179093131,3422.7069796826104,6002.794921875,3343.636474609,
WA1,2.78,RA2,3.33,1.213,0.603,1.542,93.8,54.6375760706493,35.387362933057474,3391.843264380141,5890.668457031,3326.804931641,
WA1,3.63,RA2,3.01,1.362,0.403,2.499,94.2,53.224360669796944,33.403071401864075,2942.333986798312,5704.900390625,3309.373291016,
WA1,0.23,RA1,4.25,1.392,0.436,1.966,86.2,59.510057498605455,39.55888821515329,4942.226023953781,6511.376953125,3430.534423828,
WA2,2.45,RA2,2.03,1.038,0.555,2.065,81.1,55.18936800921599,34.020569972845216,3567.3521620205483,5764.101074219,3312.148193359,
WA1,1.7,RA2,4.34,1.091,0.608,2.664,85.7,55.84732208785125,35.350857574829824,3776.6316760768614,5977.96484375,3355.527587891,
WA1,1.86,RA2,3.94,1.096,0.258,2.228,81.4,56.58459044896537,35.569310322346716,4011.1376984866884,5979.588867188,3351.167236328,
WA2,4.88,RA2,4.02,1.246,0.532,2.166,88.9,52.3744072620651,31.81999468513799,2671.9843229709213,5455.882324219,3268.740966797,
WA2,0.11,RA2,1.85,1.356,0.354,2.38,83.3,57.74324924657342,37.015175143803745,4379.677737948186,6204.476074219,3383.934326172,
WA1,0.46,RA1,5.07,0.591,0.547,2.563,95.0,56.955370059059874,38.102265861372885,4129.6443719148265,6352.192382813,3413.102294922,
WA1,5.26,RA2,3.71,1.038,0.269,0.829,91.8,53.95341376584028,34.463933185334064,3174.227704483827,5682.953125,3280.965576172,
WA1,0.26,RA2,2.19,1.148,0.636,1.968,92.8,58.61406063094359,39.73646329873566,4657.230906503563,6544.481445313,3433.308349609,
WA2,3.2,RA1,1.86,1.228,0.411,2.563,86.3,53.91212423234316,33.15290115064377,3161.095108917765,5689.82421875,3303.275634766,
WA2,4.62,RA2,4.67,0.953,0.388,0.779,83.4,54.52020039423011,34.03230528830812,3354.5068385169393,5612.228027344,3269.999755859,
WA1,0.31,RA2,2.88,0.834,0.62,2.235,88.8,58.73241907448215,39.11421994225679,4694.8790184781255,6476.143066406,3427.127685547,
WA1,0.5,RA2,0.96,0.904,0.431,2.552,81.6,59.829986419864575,38.78574090968145,5043.9865490351895,6470.265136719,3424.536865234,
WA1,5.31,RA2,5.58,0.873,0.378,1.341,86.6,53.736218960166305,33.48297030683882,3105.143231650781,5582.639648438,3275.558349609,
WA1,1.35,RA2,1.91,0.589,0.522,1.239,82.5,58.90148162440188,38.412873595400185,4748.654517687813,6278.131835938,3377.413818359,
WA1,5.5,RA2,2.83,1.248,0.541,1.593,90.5,53.21641524963912,33.19353500827463,2939.8071312407346,5596.48046875,3280.840087891,
WA1,1.54,RA1,5.01,0.994,0.527,1.749,81.9,57.38969304209891,36.64170273926143,4267.22086924711,6083.036132813,3361.659912109,
WA2,1.81,RA1,0.29,0.878,0.557,1.561,81.9,57.20398008966625,36.31665554142082,4208.150231144298,6061.948242188,3342.957763672,
WA2,3.79,RA1,3.45,1.147,0.331,0.354,86.0,56.101941987727024,36.2741219779082,3857.6207169749855,5846.028320313,3286.885498047,
WA2,3.99,RA1,0.51,1.377,0.23,1.744,88.6,54.33164907793497,34.09291099418975,3294.5358643022955,5770.765625,3301.561279297,
WA1,5.24,RA2,0.26,0.848,0.368,2.33,86.1,53.99416694118888,33.224566081628794,3187.189943938641,5695.8984375,3298.761474609,
WA1,1.45,RA2,3.94,0.593,0.462,2.355,82.3,56.99576677374193,36.12093049307372,4141.923017757983,6065.465820313,3365.888916016,
WA2,4.88,RA2,1.05,1.201,0.409,2.193,90.7,52.841308133764585,32.502145162421435,2820.4950653119517,5574.389648438,3281.289306641,
WA1,4.3,RA1,5.66,0.533,0.291,2.446,95.1,52.46154370224301,32.58743701305477,2699.702150493095,5579.379394531,3291.989013672,
WA2,3.09,RA2,5.93,0.989,0.314,2.346,83.2,53.543130259005466,32.50465539579196,3043.7261307683143,5556.993164063,3288.703857422,
WA2,5.19,RA1,1.99,0.612,0.366,2.707,92.6,52.186598851326664,31.784004017365802,2612.249350978688,5508.296875,3276.461669922,
WA2,5.84,RA2,2.98,0.948,0.616,1.726,93.6,52.10757773375621,32.11796106559471,2587.11480234747,5461.737792969,3262.231201172,
WA2,2.58,RA1,5.97,0.662,0.332,0.622,85.6,55.75746055211061,35.77972738089672,3748.048776887328,5826.915527344,3299.457763672,
WA2,2.68,RA2,4.31,0.65,0.4,1.535,92.4,53.724892155515946,34.112760033229605,3101.5394447034537,5708.671875,3299.691162109,
WA2,1.65,RA2,5.88,1.353,0.234,2.039,86.2,54.61603182260413,34.21292885412555,3384.9896946524364,5768.73046875,3318.398681641,
WA1,0.86,RA1,3.65,1.203,0.216,0.528,93.2,58.950839839642285,40.58509562693553,4764.351132422592,6483.851074219,3395.328369141,
WA2,2.3,RA2,3.4,1.045,0.506,2.864,86.3,53.86247285219438,33.11146626081962,3145.2997530717953,5684.842773438,3309.857177734,
WA1,3.18,RA1,2.39,1.085,0.312,0.651,92.5,55.992038670821906,36.98001461040544,3822.664119724798,6018.381835938,3324.400146484,
WA2,5.48,RA2,0.71,1.197,0.517,0.919,90.4,54.0505344503319,34.26732715152165,3205.120173952985,5691.133789063,3277.236083984,
WA2,0.74,RA1,5.12,0.907,0.604,1.53,81.5,57.163103651858876,36.41223948510969,4195.148386689452,6025.890625,3349.215576172,
WA2,4.26,RA2,3.3,0.761,0.335,0.767,92.1,53.93883883331512,34.490865713816106,3169.591202535673,5680.575683594,3278.388427734,
WA1,3.05,RA2,0.73,0.681,0.262,2.444,80.4,56.036526361398785,34.66431858670018,3836.814781680563,5896.070800781,3333.016357422,
WA2,4.82,RA2,3.31,1.051,0.239,1.17,97.0,52.76331309075363,33.52987873485647,2795.6868511254384,5588.708007813,3271.611083984,
WA2,4.61,RA2,4.94,0.566,0.638,2.052,87.6,52.56695294259587,31.95658699058101,2733.22998274214,5461.233886719,3269.459716797,
WA2,5.27,RA1,4.68,1.076,0.282,2.911,87.4,51.97450110778903,30.9788234420208,2544.7857009247173,5390.009277344,3264.876220703,
WA1,3.11,RA1,1.82,0.646,0.621,0.947,96.1,55.31214390596561,36.58951905807313,3606.406795385126,6010.015625,3329.025146484,
WA2,1.5,RA1,3.81,0.996,0.256,1.152,89.1,55.86230678351539,36.25434457822968,3781.3986574695637,5965.653320313,3329.848388672,
WA1,1.03,RA1,3.75,1.312,0.352,2.798,80.7,57.95828529643685,36.73597287983677,4448.075904114016,6184.598632813,3386.782470703,
WA1,0.27,RA1,3.85,1.019,0.493,2.382,87.1,58.98094248846165,39.048367127364074,4773.92632770803,6476.7890625,3429.084228516,
WA1,5.33,RA2,3.27,1.078,0.336,0.999,93.7,53.58619210429623,34.206547465706244,3057.4224199459377,5668.478515625,3281.454833984,
WA2,2.72,RA2,4.13,0.642,0.387,1.581,85.8,54.40580966412762,34.02845939898934,3318.1241887656106,5703.383789063,3299.443115234,
WA1,5.17,RA2,1.92,1.389,0.355,1.407,92.9,53.72733408120256,34.180184208677886,3102.316625815187,5701.919921875,3289.001220703,
WA1,1.45,RA2,0.74,0.905,0.263,0.484,96.1,58.197833884021584,40.158059431160574,4524.841040842095,6434.76953125,3380.299072266,
WA2,5.78,RA1,5.41,1.232,0.62,2.261,83.2,52.41803211630393,31.197030357154954,2685.862361037579,5374.608398438,3257.857177734,
WA1,5.98,RA2,2.8,1.291,0.424,0.589,86.7,54.81016658664249,34.831572792057955,3446.7388266462804,5701.286132813,3275.183349609,
WA2,1.29,RA1,2.12,0.545,0.423,2.688,91.1,54.82833611354998,34.8680304972552,3452.5181777620146,5932.235351563,3342.937744141,
WA2,3.22,RA2,5.08,0.888,0.597,2.278,93.0,52.60766614130847,32.57935164672502,2746.177573863609,5565.186523438,3288.387451172,
WA2,2.4,RA1,3.42,0.675,0.449,0.545,88.6,56.12033138787917,36.6091126705472,3863.4700553129987,5939.170898438,3310.439697266,
WA2,0.77,RA1,0.58,0.836,0.644,1.828,86.2,57.36395454489147,37.14351652605764,4259.032935351671,6199.8828125,3370.207763672,
WA1,3.61,RA1,2.41,0.536,0.218,2.241,93.7,53.73128846880219,33.9937551359778,3103.5734074828592,5777.76953125,3315.424072266,
WA2,3.64,RA1,3.09,0.795,0.476,0.781,96.8,53.93500437737013,35.056984407688006,3168.371584479142,5767.008789063,3290.465576172,
WA2,3.04,RA2,3.06,0.941,0.453,1.608,80.3,55.03629624207521,33.91450566968969,3518.665367537155,5696.474609375,3297.149658203,
WA2,5.88,RA1,3.5,1.217,0.526,2.173,80.5,53.05529145652233,31.580312574575956,2888.557673699735,5430.47265625,3262.737060547,
WA2,5.8,RA2,4.7,1.199,0.46,2.262,89.9,51.78029638376436,31.17505465120516,2483.014053653078,5371.299316406,3257.456298828,
WA1,0.89,RA2,4.08,0.528,0.627,0.641,80.3,60.66822990973332,39.945722091546514,5310.611440915156,6410.830078125,3390.001708984,
WA2,0.91,RA2,4.14,0.869,0.549,2.789,94.8,54.24028840699108,34.71952921517363,3265.474991779047,5899.1171875,3343.911865234,
WA1,3.11,RA1,3.37,1.398,0.415,1.349,96.3,54.5748089174159,35.70379834818023,3371.8774440863913,5904.407714844,3321.662353516,
WA2,3.28,RA2,4.06,1.281,0.506,2.48,84.5,53.443567648827226,32.48902088766452,3012.0586504652024,5571.580078125,3290.033447266,
WA2,5.74,RA1,1.67,0.769,0.624,2.953,93.1,51.933584692472344,31.447275871972874,2531.770563969861,5479.286132813,3272.816162109,
WA1,1.9,RA2,2.09,1.34,0.558,1.075,82.1,58.18426170693381,37.62499899189054,4519.954159449297,6155.865234375,3356.568115234,
WA2,4.91,RA2,5.73,1.224,0.331,1.112,92.1,52.89739913463975,33.18616880133089,2838.33604838178,5526.404296875,3264.259033203,
WA2,3.94,RA2,4.48,0.693,0.573,1.069,89.6,53.79946250572088,33.96186290566062,3125.2587916668735,5634.892089844,3279.137939453,
WA2,0.66,RA1,4.45,0.715,0.223,2.749,83.8,56.03348144925478,35.232250635313186,3835.8431019575637,5969.9375,3353.990966797,
WA1,0.6,RA1,1.98,0.925,0.507,0.714,96.4,59.01483628491257,41.108333438436745,4784.708662716656,6603.368164063,3416.708740234,
WA1,3.92,RA2,5.28,0.928,0.493,2.353,84.9,53.72593155678519,32.92262268611179,3101.871476092608,5617.505859375,3297.547119141,
WA2,5.45,RA1,0.54,1.017,0.441,2.266,95.9,52.54770070697899,32.646386286639235,2727.1063932927964,5617.18359375,3284.246337891,
WA1,5.29,RA2,1.05,1.328,0.649,1.402,88.4,54.41787271097983,34.380200756236036,3321.9590954353453,5738.017578125,3292.202392578,
WA2,0.06,RA1,3.41,0.597,0.642,1.104,96.8,56.99871840590417,38.776831271507476,4143.432349148079,6313.278320313,3382.801025391,
WA2,5.11,RA1,2.81,0.674,0.251,0.781,87.8,54.26627342824275,34.2723744821499,3273.7396945634364,5660.6328125,3273.238037109,
WA2,0.08,RA1,2.02,0.766,0.503,0.862,90.4,58.52890971332242,39.466451257821326,4630.146488148562,6396.201171875,3388.211669922,
WA2,3.09,RA2,0.52,1.102,0.283,0.723,85.5,56.297336026279275,36.17780480319018,3919.7694259135938,5932.589355469,3309.542724609,
WA1,1.56,RA1,1.41,1.178,0.629,1.15,92.3,57.46762145592767,38.51584613420651,4292.578942322953,6298.857421875,3376.134521484,
WA1,3.92,RA2,4.16,0.556,0.253,1.163,86.9,54.8805660076806,34.83816376613077,3469.130319719749,5764.745605469,3300.333740234,
WA2,3.83,RA1,5.64,0.831,0.299,2.887,88.1,52.43794397165477,31.65660630414508,2692.1948263204226,5478.222167969,3279.752685547,
WA2,2.5,RA2,3.3,0.924,0.442,2.11,83.7,54.47975037707561,33.638393252283294,3341.640899062202,5706.416992188,3306.158935547,
WA1,3.15,RA1,3.17,0.826,0.613,0.647,94.1,55.63696334195284,36.823765901503364,3709.7214113011105,5989.909667969,3321.565185547,
WA1,0.99,RA1,5.13,0.898,0.506,2.25,88.3,56.9375536620148,37.07394851879247,4123.407663854282,6187.477050781,3384.454833984,
WA2,2.72,RA1,3.08,0.911,0.226,1.575,93.7,53.8707514130233,34.390986006543734,3147.9345727961254,5763.337890625,3305.620849609,
WA1,1.53,RA2,0.02,0.696,0.233,1.473,91.9,57.69155904139542,38.62275411065998,4363.807783491046,6343.134765625,3383.290283203,
WA1,5.92,RA1,2.83,0.758,0.281,0.709,90.9,54.25778165665073,34.69724744552755,3271.03841400572,5708.637207031,3278.804931641,
WA2,5.96,RA2,2.29,1.283,0.608,1.345,91.6,52.92382723493148,33.04608847937782,2846.7404536662816,5539.108398438,3263.843017578,
WA1,0.71,RA2,5.96,0.854,0.257,2.944,94.2,56.10240172253434,36.91270578173459,3857.765573919546,6204.088867188,3394.850830078,
WA1,2.78,RA2,4.31,0.882,0.371,0.959,87.8,55.9277090848805,36.196569240184694,3802.2013377639832,5934.435546875,3323.874755859,
WA1,1.13,RA2,5.25,1.189,0.214,2.1,90.5,56.35340370803233,36.813576894826966,3937.601999538971,6135.696289063,3375.819580078,
WA1,1.24,RA1,0.61,0.53,0.469,2.214,80.8,59.00876644981586,37.82365824200672,4782.206492436877,6327.666015625,3395.088134766,
WA1,2.63,RA2,3.24,1.179,0.549,0.721,96.9,55.47103565160812,37.02914724968724,3656.9436334811107,6025.088867188,3330.875244141,
WA1,3.46,RA2,4.64,1.237,0.307,2.672,96.8,52.769379594172904,33.129481902655144,2797.6169183492048,5670.051757813,3307.847412109,
WA1,1.8,RA2,0.37,1.354,0.596,2.766,90.6,56.037379202704514,36.1479583276166,3837.0836077918893,6127.120117188,3370.458251953,
WA2,0.28,RA2,2.07,1.079,0.372,1.74,91.8,56.630637239699524,37.3618883596616,4025.783423220627,6194.692382813,3375.173095703,
WA2,1.8,RA1,1.1,0.984,0.308,0.947,94.6,55.82525813917145,36.95834432888905,3769.612633293468,6069.936523438,3335.999267578,
WA1,5.49,RA2,3.37,1.371,0.451,0.705,84.1,55.01098749719806,34.66694086137,3510.6149658640475,5695.272460938,3279.067626953,
WA1,3.88,RA2,5.53,1.262,0.242,2.27,83.2,53.975367777897745,33.00822635642726,3181.211211433858,5622.247070313,3297.724853516,
WA2,4.04,RA2,3.62,1.286,0.285,2.368,92.3,52.380706964565455,32.15552981054924,2673.9898024169697,5519.77734375,3280.230224609,
WA1,1.25,RA2,5.44,0.773,0.609,0.911,83.2,58.620177105157865,38.38987629147766,4658.605689560219,6228.127441406,3370.213623047,
WA1,5.49,RA2,4.17,1.133,0.378,0.984,85.5,54.26783253014662,33.97683219788397,3274.236385119389,5630.65625,3276.652587891,
WA2,2.8,RA2,3.89,0.778,0.362,2.689,87.9,53.311980163904295,32.713650235038735,2970.2034529317184,5616.991210938,3298.670654297,
WA2,5.49,RA2,2.22,0.873,0.453,0.936,82.5,54.47633901010605,33.756255341381966,3340.5569146168905,5606.90234375,3268.648681641,
WA2,1.77,RA2,1.18,0.707,0.456,1.001,89.4,56.18114300190612,36.62155477932732,3882.8116892173607,6019.176757813,3331.606689453,
WA2,4.58,RA2,2.93,1.151,0.533,1.571,92.5,52.84903368067774,32.99005336509922,2822.9527475361397,5565.103515625,3275.734130859,
WA2,0.84,RA1,3.28,0.666,0.6,2.974,96.3,54.36782489265518,34.9997659759012,3306.0411268114995,5957.387695313,3351.658447266,
WA1,5.67,RA1,4.01,1.188,0.386,2.583,83.9,52.98376601846138,31.834555571346,2865.8072939593126,5492.221191406,3277.264892578,
WA1,1.31,RA1,2.74,0.554,0.487,2.825,95.5,55.561943251099585,36.378528783328434,3685.8612768375783,6143.747558594,3378.587646484,
WA2,0.04,RA1,3.31,0.511,0.438,1.078,96.6,57.1084951286731,38.8769461506681,4178.349883898235,6325.690429688,3384.165283203,
WA1,4.84,RA2,5.46,0.596,0.243,0.745,83.3,55.07666297428027,34.65743295523227,3531.5052653252046,5690.809082031,3282.295654297,
WA2,1.6,RA2,2.38,0.836,0.383,1.847,96.8,54.18476374499479,35.097110185819666,3247.8141300982516,5890.116699219,3329.807861328,
WA1,4.1,RA2,5.09,1.088,0.586,2.363,81.6,54.001082955109766,32.79117440155411,3189.3893797737337,5600.763671875,3294.812255859,
WA2,3.32,RA2,0.34,0.509,0.277,1.675,87.4,54.710487376487045,34.42364600729837,3415.0314696764694,5801.095703125,3307.267333984,
WA2,5.37,RA1,5.51,0.707,0.606,2.185,89.6,52.00717227555792,31.45018949943297,2555.1776820441423,5403.229003906,3261.643310547,
WA2,5.54,RA1,4.11,0.752,0.444,2.094,83.0,52.854617128420955,31.69906886843256,2824.727921148671,5436.717773438,3263.878173828,
WA2,5.77,RA1,3.52,1.177,0.521,1.405,81.3,53.963707831702955,32.973054523271585,3177.5016300420016,5528.623046875,3263.696044922,
WA1,3.4,RA1,5.1,1.109,0.443,1.367,92.6,54.44346795741051,35.08691019814403,3330.1009140529695,5810.677246094,3309.931884766,
WA1,0.32,RA2,2.62,1.255,0.353,2.388,96.2,57.54459042350579,38.98600051686328,4317.060550398093,6471.586425781,3427.460693359,
WA2,0.18,RA2,1.64,1.393,0.421,1.293,96.0,56.98745156708111,38.57669809777281,4139.848907478546,6306.411132813,3381.739501953,
WA2,4.08,RA1,3.96,0.577,0.478,2.465,92.1,52.39700423721596,32.11881987772053,2679.1737218655617,5523.926757813,3281.094970703,
WA1,0.93,RA2,4.27,1.071,0.533,1.189,81.8,59.37732733914582,38.84011127600561,4900.006514197783,6319.357910156,3387.512939453,
WA1,2.67,RA2,4.57,0.592,0.239,1.492,89.5,55.35955324535443,35.732934939792706,3621.484649286077,5904.469726563,3325.940673828,
WA2,0.16,RA1,2.12,0.584,0.469,1.21,86.5,58.56962624371245,38.76820754889606,4643.098962047813,6330.05078125,3383.897705078,
WA2,2.33,RA2,0.51,1.311,0.607,2.942,89.7,54.2099125824546,33.84248425096552,3255.813262049095,5816.1796875,3323.709716797,
WA1,1.02,RA2,1.61,0.742,0.266,0.793,84.7,59.80724619393693,39.822024432743675,5036.754561251626,6433.625,3393.239990234,
WA2,4.7,RA2,2.17,1.35,0.524,1.664,90.5,53.05426871276695,32.948283308524886,2888.2310678661406,5575.40625,3277.390380859,
WA2,0.81,RA1,0.04,0.856,0.579,1.357,94.7,57.092864138238106,38.35264996261916,4173.376468060924,6312.749023438,3374.492919922,
WA2,2.58,RA2,4.94,1.086,0.467,1.146,90.3,54.44483716854675,34.818955424818306,3330.5362982199845,5757.558105469,3299.988037109,
WA1,1.89,RA2,5.79,1.372,0.331,2.192,88.3,55.34337257180782,35.30323244055379,3616.337622337515,5932.571289063,3345.678466797,
WA1,2.26,RA2,4.9,0.854,0.251,1.844,90.1,55.0576572627076,35.31165297276041,3525.4584447648112,5905.979980469,3336.236083984,
WA1,5.72,RA1,2.77,1.138,0.397,1.122,91.8,53.737488227965905,34.09267326524997,3105.547419984438,5671.676757813,3281.436767578,
WA2,0.84,RA2,1.82,0.727,0.269,1.471,86.4,57.140583299175894,37.187276475231684,4187.985843072611,6121.356445313,3354.832275391,
WA2,3.49,RA2,3.21,1.331,0.591,1.458,80.6,55.08839954206963,34.10863952810563,3535.2381756059685,5685.223632813,3289.407470703,
WA2,0.66,RA1,1.49,1.098,0.275,1.974,89.6,56.501158539792115,36.74133341696335,3984.600969021014,6144.716796875,3367.081787109,
WA2,5.79,RA2,2.58,0.509,0.316,1.703,88.8,52.65939299231834,32.260848516606806,2762.6329233212173,5481.634765625,3264.222900391,
WA1,2.24,RA2,2.78,1.112,0.511,0.749,97.0,55.90025157835183,37.55045316160889,3793.4665285903293,6104.178710938,3343.197509766,
WA2,1.77,RA1,5.52,0.577,0.574,2.285,85.9,54.49911255018812,33.951670807467025,3347.8008382337966,5756.849609375,3317.994384766,
WA2,4.71,RA2,3.13,0.813,0.244,2.263,87.7,52.647396573775005,31.96676736284198,2758.81673387372,5488.577148438,3273.489990234,
WA1,0.27,RA2,4.26,0.52,0.354,0.64,93.6,59.77888920611165,41.58317727803973,5027.732208744409,6636.217773438,3425.450927734,
WA1,3.31,RA1,1.99,0.884,0.408,2.464,90.7,54.26261553722897,34.179970358651914,3272.5778562291734,5823.826171875,3323.713134766,
WA1,2.37,RA2,4.42,1.295,0.402,1.488,80.1,57.05593209387136,36.12724205512312,4161.059031106625,5959.466796875,3334.315185547,
WA1,1.67,RA1,4.22,1.216,0.46,2.469,89.1,55.70295530306557,35.720571506632155,3730.7123510401257,6020.734375,3359.218505859,
WA2,1.18,RA2,0.68,1.104,0.42,2.91,85.3,55.8414621327135,35.10870328974463,3774.7680694087035,5987.064453125,3350.843017578,
WA2,3.52,RA2,2.09,1.261,0.478,2.506,92.0,52.89848850670401,32.69579801831299,2838.681642826501,5614.055664063,3293.374755859,
WA2,4.03,RA1,1.88,0.715,0.253,1.339,82.4,55.13536580416502,34.360302039833314,3550.1765978401413,5730.630859375,3290.896728516,
WA2,3.58,RA2,3.45,0.881,0.419,1.774,95.6,52.76188058298595,33.18831028656396,2795.2297655695174,5612.0390625,3287.258056641,
WA1,2.94,RA1,0.84,0.783,0.403,0.492,86.1,58.093394084951655,38.292812454223544,4491.050350815063,6186.807617188,3339.751708984,
WA1,0.82,RA2,4.89,1.367,0.427,1.662,91.6,57.23670789158501,38.130626474307746,4218.559845041515,6276.625976563,3391.409423828,
WA2,2.93,RA2,0.5,0.528,0.542,1.124,84.7,55.977693606573716,35.6159765430912,3818.098418887812,5899.356933594,3312.434326172,
WA2,4.68,RA1,3.39,1.195,0.423,1.704,89.7,52.999620212945146,32.78640989497122,2870.8501542411245,5554.015625,3275.666259766,
WA2,3.25,RA2,4.54,1.184,0.399,0.929,87.2,54.623820666148745,34.63564444763556,3387.4674504877516,5714.499023438,3289.219970703,
WA1,5.25,RA2,0.19,0.737,0.588,0.581,94.7,55.052140442399974,36.11975506417425,3523.706057541187,5905.359375,3299.256103516,
WA1,1.26,RA1,4.43,1.12,0.587,1.967,87.3,56.92396149660901,36.95521194776765,4119.082034684155,6150.547851563,3374.418701172,
WA1,4.88,RA1,4.83,1.013,0.44,1.932,82.9,53.82284236219116,32.8598371173916,3132.695586395045,5579.141601563,3285.222412109,
WA2,3.44,RA2,5.71,0.963,0.605,2.51,82.3,53.34167638038881,32.11622926402943,2979.648982383719,5515.532226563,3283.536376953,
WA2,5.95,RA1,5.2,0.614,0.59,1.012,92.1,52.76185393218638,33.00949986240001,2795.2232552917344,5498.500976563,3256.803955078,
WA1,2.94,RA2,3.46,0.742,0.386,1.548,90.8,54.80309399698171,35.17501919732138,3444.4905627555927,5861.318359375,3322.538330078,
WA1,3.09,RA2,1.67,1.343,0.366,2.868,85.6,54.72141108047999,33.948295899441014,3418.50830356814,5813.141113281,3326.393798828,
WA1,4.39,RA1,2.75,1.098,0.361,0.518,89.1,55.74767619185024,36.24847404206865,3744.936797718172,5888.446777344,3300.029052734,
WA1,4.95,RA2,2.97,0.791,0.328,1.8,82.2,54.18757212638027,33.18814227657697,3248.708227321189,5617.484863281,3287.670166016,
WA2,5.36,RA2,4.57,0.541,0.482,2.567,80.3,52.70302450903874,31.104155145820393,2776.5098763878746,5383.649414063,3262.109619141,
WA1,2.74,RA2,5.95,0.885,0.648,2.76,95.0,53.3266283872199,33.63742549037538,2974.8632837687796,5740.853515625,3321.074951172,
WA2,5.25,RA1,5.26,0.584,0.362,0.568,91.3,53.790620935070585,34.300233623921905,3122.4476477757357,5614.90234375,3263.510498047,
WA1,2.38,RA1,1.83,1.129,0.305,2.087,92.0,55.27988583388645,35.66271610877134,3596.1433948213594,6001.643066406,3347.148681641,
WA1,2.86,RA1,0.8,0.704,0.506,0.375,91.8,57.69699590755774,38.87419104555577,4365.536299047984,6238.563964844,3341.984619141,
WA1,4.16,RA2,2.87,0.706,0.24,2.486,81.8,54.23736675730582,32.99946276798842,3264.5450873338586,5649.09375,3300.276611328,
WA2,0.82,RA2,4.64,1.178,0.26,2.981,82.4,55.70997125944977,34.642255996890654,3732.9440677085777,5896.95703125,3345.621337891,
WA1,2.64,RA1,4.33,1.065,0.268,1.441,91.7,55.304068560867464,35.966799390490905,3603.837622327515,5939.475585938,3329.587646484,
WA1,5.38,RA1,0.84,0.611,0.529,1.282,87.3,54.92573330543613,34.77850023679562,3483.4982666756873,5798.8046875,3297.392333984,
WA1,1.66,RA1,0.51,0.998,0.47,1.96,93.2,56.640298337501136,37.41380382116673,4028.8585101675317,6251.188964844,3379.683349609,
WA1,1.23,RA2,3.64,0.67,0.376,2.062,93.3,56.08142714591879,36.90068647024439,3851.0932105808747,6151.518066406,3375.723876953,
WA1,2.32,RA2,1.45,1.074,0.232,2.705,80.2,56.44293210222855,35.039548271625385,3966.0793759506414,5956.599121094,3346.989990234,
WA2,0.79,RA2,5.16,1.012,0.364,2.16,93.0,54.8121587716808,35.3413896462014,3447.3719644245643,5937.462402344,3345.411376953,
WA1,3.52,RA1,0.08,0.694,0.615,2.864,86.8,55.17168153711124,34.49782575565782,3561.7285184049383,5922.090820313,3334.697021484,
WA2,2.54,RA2,2.41,1.076,0.442,0.755,81.4,56.62582001663517,35.95650495085157,4024.251576552735,5887.229492188,3308.709228516,
WA1,5.85,RA1,0.93,0.794,0.464,2.373,91.0,53.1370076880518,32.81448608483021,2914.5480709427493,5641.834960938,3290.866455078,
WA1,4.19,RA2,4.38,1.262,0.226,0.578,87.4,55.474773497640534,35.72983038232613,3658.1339548709516,5814.909667969,3295.036865234,
WA2,1.86,RA1,4.45,1.167,0.254,2.226,91.9,53.93498105737469,34.07975313891886,3168.3637178124686,5774.83203125,3318.737060547,
WA1,5.72,RA2,3.14,1.205,0.524,0.792,82.2,55.02434313184532,34.37796823018791,3514.8630128118907,5669.356933594,3277.007568359,
WA2,4.63,RA1,0.18,1.226,0.322,0.519,92.1,55.50579228439709,36.26889128625075,3667.9996773788444,5925.412109375,3296.870361328,
WA1,2.73,RA2,2.16,0.95,0.455,1.324,84.3,56.56773349817093,36.24827831497064,4005.776912926844,5981.733398438,3332.550537109,
WA1,1.37,RA1,3.05,0.54,0.588,0.998,88.0,58.07748991879958,38.566150578151515,4486.56168970036,6277.4609375,3374.804443359,
WA2,1.07,RA1,5.76,0.532,0.561,2.242,91.1,54.64545486249824,34.85393344953791,3394.349503548813,5877.3515625,3336.671142578,
WA1,1.49,RA2,5.5,0.788,0.572,1.865,82.0,57.14323510394818,36.38845298234361,4188.830569739954,6054.70703125,3360.458251953,
WA1,1.34,RA1,3.09,0.541,0.38,2.674,94.7,55.60457201238261,36.35542615298677,3699.417320737312,6128.899414063,3375.848876953,
WA2,0.52,RA2,2.74,0.832,0.331,2.429,92.6,55.45582775102188,35.93555404006221,3652.107207921686,6051.937011719,3362.481689453,
WA1,2.21,RA2,5.83,1.398,0.549,2.291,89.3,54.75196013827024,34.73408903681682,3428.2256430203583,5861.455078125,3335.646240234,
WA1,0.04,RA1,2.46,0.71,0.356,2.575,94.9,58.64084519190186,39.97304436952356,4665.752499288157,6627.77734375,3451.599853516,
WA2,4.55,RA1,2.26,1.164,0.338,0.894,96.7,53.54408637445196,34.49066508308276,3044.0313066018916,5709.674804688,3282.223876953,
WA2,5.77,RA2,5.84,0.628,0.326,0.466,83.9,54.524234735975064,34.2362562080753,3355.791832129078,5578.784179688,3255.182373047,
WA2,2.75,RA2,4.49,1.023,0.427,2.039,86.7,53.79203345452025,33.301628434859175,3122.8960527760946,5647.899414063,3297.924560547,
WA1,3.97,RA2,0.78,0.763,0.583,2.804,86.7,54.21263101553576,33.48519259944103,3256.678333716454,5755.262695313,3314.190673828,
WA2,2.72,RA2,1.4,1.349,0.261,2.391,81.9,54.812738438142745,33.617217617885856,3447.5569688691567,5739.71484375,3310.204833984,
WA1,2.7,RA1,1.88,0.609,0.361,2.391,87.7,55.25130564113908,34.933968596103824,3587.0545817585325,5924.083496094,3338.389892578,
WA2,5.11,RA2,0.54,1.227,0.337,2.217,90.3,52.954729422584144,32.559943313942085,2856.571725340813,5590.967285156,3282.347900391,
WA1,0.89,RA2,4.27,1.372,0.378,0.48,85.1,60.15807064036715,40.43844799760914,5148.341475507562,6445.561523438,3389.476318359,
WA1,5.71,RA1,5.13,1.0,0.448,0.601,81.7,55.27286654582482,34.66252527354898,3593.9119495417963,5671.930664063,3273.471923828,
WA1,0.07,RA1,4.98,1.384,0.259,2.533,86.3,59.43896514367895,39.38229262115807,4919.612091713468,6527.588867188,3440.138916016,
WA1,5.5,RA2,0.45,1.397,0.289,2.062,93.8,53.1552271857543,33.26987074055884,2920.3439692807196,5677.679199219,3293.794189453,
WA1,0.74,RA2,5.65,0.546,0.616,1.498,92.3,57.66130981099516,38.84423124841051,4354.185658761126,6330.806152344,3393.877685547,
WA2,2.3,RA1,2.56,0.819,0.609,1.079,87.6,55.65162822190901,35.76135685035255,3714.3861249159536,5900.687011719,3316.129638672,
WA1,3.68,RA1,3.7,1.083,0.425,2.689,88.1,53.72764723442897,33.2101735241659,3102.4167233152666,5690.916992188,3308.670654297,
WA1,2.3,RA2,2.52,1.078,0.559,1.01,96.9,55.55380127769256,37.04390994035716,3683.271216002173,6066.570800781,3342.489013672,
WA1,4.69,RA2,2.15,0.99,0.418,2.769,88.5,53.15883510597308,32.53649379004432,2921.492786503861,5608.137695313,3294.762939453,
WA2,1.08,RA2,1.91,0.697,0.603,2.413,81.0,56.44571050113703,35.25326977256862,3966.9634362291267,5962.716796875,3346.602294922,
WA2,4.6,RA2,6.0,1.377,0.245,2.091,84.5,52.72422562138049,31.784294409515145,2783.2522266710466,5437.050292969,3267.286865234,
WA1,3.45,RA1,5.9,0.85,0.621,2.978,83.0,53.996149132068204,32.842408123257705,3187.821454494702,5646.141601563,3306.945068359,
WA1,4.84,RA2,4.19,1.323,0.213,2.206,96.1,52.30512386476413,32.541736741226764,2649.949546286626,5558.086914063,3285.394287109,
WA1,5.02,RA1,4.86,1.373,0.444,0.815,80.6,55.41539439138125,34.5820475020642,3639.2466934669533,5695.69140625,3283.156982422,
WA1,3.61,RA1,0.12,0.93,0.349,1.977,93.7,54.79657109043258,35.24318470636848,3442.4140110872645,5960.750976563,3332.458740234,
WA2,5.51,RA1,5.07,0.791,0.21,1.905,95.6,51.70695865640044,31.783224946297686,2459.6861455788603,5426.657226563,3261.354736328,
WA1,5.76,RA2,2.24,1.348,0.378,0.618,85.1,55.180629712706434,34.99310762771282,3564.5735706294367,5733.0078125,3280.035400391,
WA1,4.39,RA1,2.62,1.075,0.419,1.191,92.0,54.403224487664225,34.90972294539471,3317.299264876062,5790.828613281,3300.624755859,
WA2,3.99,RA1,4.89,0.841,0.53,1.13,83.0,54.539319374102526,33.91257003933005,3360.588652966249,5634.615234375,3279.472900391,
WA1,5.1,RA2,4.62,1.011,0.282,1.193,93.7,53.32338692269999,33.878638025089344,2973.8321962679547,5632.148925781,3280.592529297,
WA1,5.62,RA1,0.84,1.171,0.307,2.953,82.9,53.85459739114957,32.50076995513912,3142.7978541809052,5636.129882813,3294.366943359,
WA1,2.68,RA2,1.59,0.725,0.231,1.03,81.8,57.44127664145871,36.78657432601409,4283.627661760236,6040.44140625,3336.583740234,
WA1,2.32,RA1,4.4,1.372,0.598,1.657,86.4,55.846839033048504,35.70586414364043,3776.4792238545165,5946.568359375,3338.001708984,
WA2,4.97,RA1,4.73,1.02,0.541,0.948,87.7,53.72318647203116,33.638038363574644,3100.9977238696874,5581.2578125,3267.949951172,
WA1,0.12,RA2,1.57,0.594,0.354,2.703,82.7,60.45915708914837,39.63167612578915,5244.110789750845,6590.200195313,3446.347900391,
WA1,2.03,RA1,5.91,1.304,0.517,1.493,91.1,55.800392472461056,36.49145227849331,3761.7038332871407,6007.240234375,3342.666748047,
WA2,0.32,RA1,1.99,1.377,0.384,1.818,95.7,56.2007850132173,37.399419792448754,3889.0589767223587,6215.20703125,3377.506591797,
WA2,1.78,RA2,0.58,0.854,0.447,1.651,80.9,56.787700039398494,35.74688391256909,4075.742462149483,5977.697265625,3335.448974609,
WA1,0.53,RA2,4.94,1.063,0.416,0.607,83.5,60.86892755783012,40.815882704559094,5374.448246521782,6521.317382813,3407.221435547,
WA2,2.84,RA1,0.69,1.206,0.412,2.721,84.5,54.75335600020603,33.77092848372352,3428.669164965158,5800.97265625,3317.775146484,
WA2,2.23,RA1,2.29,0.668,0.22,1.515,84.5,55.61659841427626,35.14726367639419,3703.244631851485,5867.031738281,3318.926513672,
WA2,0.91,RA1,4.18,0.587,0.501,2.492,87.0,55.43389039647828,35.094917528990415,3645.128854860548,5936.019042969,3346.120361328,
WA1,5.04,RA1,4.91,0.877,0.441,2.647,88.1,52.69308357216517,32.00382664148112,2773.347441385345,5515.129882813,3282.740478516,
WA1,1.79,RA2,2.37,1.269,0.216,1.864,88.8,56.24865075573599,36.42590520766545,3904.2833147900938,6075.577148438,3359.014892578,
WA1,5.7,RA1,2.69,1.354,0.275,0.912,83.3,54.98793411891733,34.42906176555934,3503.2820666915145,5699.440917969,3282.040283203,
WA1,0.47,RA2,4.1,0.682,0.57,0.742,90.1,59.64226795655715,40.74921212136131,4984.278432876312,6538.106445313,3412.991943359,
WA2,0.52,RA1,3.34,0.997,0.585,1.727,95.6,55.65472310484802,36.79816828316287,3715.3705540834076,6111.488769531,3363.075439453,
WA1,0.68,RA2,0.9,1.01,0.462,2.907,81.7,59.1518706292835,38.04658425073335,4828.295359695971,6390.206054688,3414.615478516,
WA1,4.71,RA1,5.2,1.292,0.595,1.05,91.1,53.951451563278965,34.340024234430075,3173.6037894833275,5685.86328125,3286.717041016,
WA2,1.03,RA1,2.42,1.056,0.506,1.415,86.7,56.90038841769365,36.971749934331314,4111.586103567047,6090.202148438,3349.217529297,
WA2,0.3,RA1,2.85,0.742,0.368,1.245,93.5,57.02375730586835,38.24434716346872,4150.824927487327,6253.5234375,3374.109130859,
WA2,5.06,RA2,5.15,1.116,0.638,0.954,85.1,53.79186688374805,33.404784973957575,3122.841799442718,5544.516601563,3263.868408203,
WA2,1.62,RA2,2.5,1.081,0.285,0.91,94.0,55.494142333234606,36.57102411928754,3664.2947079314363,5991.18359375,3328.796142578,
WA2,4.93,RA2,3.09,0.643,0.34,1.693,82.3,53.59452063679348,32.57516845803318,3060.0724307813916,5520.708007813,3271.128662109,
WA1,1.16,RA1,5.0,1.253,0.312,1.56,95.6,56.27872009040092,37.65315588170155,3913.848473131079,6201.641601563,3377.074462891,
WA1,2.21,RA2,2.79,0.857,0.615,2.155,84.1,56.005197753093256,35.35990782463792,3826.847062505922,5951.266601563,3344.037841797,
WA2,1.07,RA2,5.22,1.028,0.357,0.783,95.2,55.680801406081464,37.06578607762028,3723.6648249233763,6030.046875,3336.072021484,
WA1,0.16,RA2,0.3,1.268,0.551,0.918,83.8,62.61087014315177,42.384623471772876,5928.514002242811,6819.444335938,3451.977783203,
WA1,1.61,RA1,2.46,0.518,0.551,2.384,80.2,57.569196240335536,36.29319429071713,4324.316138459453,6105.9453125,3368.289794922,
WA1,3.61,RA1,0.05,0.727,0.562,1.159,96.4,55.43295093767235,36.63205539347153,3644.830460693642,6062.612792969,3333.276123047,
WA2,5.37,RA2,5.11,0.913,0.298,1.151,88.9,53.06532900418179,32.99081410015175,2891.749948146733,5504.518066406,3260.697021484,
WA2,0.04,RA1,6.0,1.37,0.578,1.838,90.1,56.647747377019755,37.16234449984383,4031.227216836093,6160.127929688,3376.227294922,
WA2,4.11,RA2,2.89,0.803,0.324,1.212,84.7,54.420960930563965,33.97151046541146,3322.941083491686,5655.137695313,3281.775634766,
WA2,0.9,RA1,4.59,1.31,0.562,2.476,90.2,54.9870046542704,35.053096515654154,3502.98692780239,5927.030273438,3345.197998047,
WA2,4.33,RA1,3.93,1.398,0.317,1.459,86.6,53.87503894216734,33.58042964957378,3149.298776408328,5612.510253906,3277.968017578,
WA1,2.06,RA1,4.28,1.118,0.487,1.611,96.0,55.033474535726604,36.157231915089895,3517.766116147546,6004.350097656,3346.078857422,
WA2,5.07,RA2,5.04,1.289,0.282,0.609,82.2,54.75287627620742,34.18130985367068,3428.515085242812,5604.017578125,3264.013427734,
WA2,5.68,RA1,5.4,1.089,0.3,0.942,94.8,52.654918904084084,33.20639383610744,2761.2090408200784,5517.990722656,3258.838134766,
WA2,2.23,RA2,3.51,0.917,0.253,0.492,90.8,55.94579865764267,36.78641047385573,3807.953561935252,5947.122070313,3310.969482422,
WA1,5.34,RA2,3.0,1.281,0.372,1.141,80.9,54.979978704600505,34.06716519523785,3500.7514133561567,5662.732910156,3282.265380859,
WA1,5.95,RA1,2.06,1.388,0.602,2.965,82.4,53.28732770795698,31.85217378991205,2962.3616559810007,5531.765625,3282.235595703,
WA1,2.93,RA1,3.79,0.659,0.486,0.362,84.6,57.85226640801836,37.9525236949382,4414.352759642594,6078.228515625,3324.246826172,
WA1,2.94,RA1,4.58,0.579,0.477,2.029,86.9,54.74933831597496,34.424960662762395,3427.390410797468,5805.532714844,3321.482666016,
WA2,0.03,RA2,3.2,1.158,0.628,2.714,92.9,56.00467805245863,36.5858362742327,3826.6813180613453,6157.575195313,3382.281982422,
WA1,4.06,RA1,3.76,0.724,0.512,1.263,82.2,55.52711332752017,34.83142908803333,3674.7816326620477,5776.547851563,3301.528564453,
WA2,1.0,RA2,4.94,0.768,0.331,2.279,90.1,54.82630062019822,34.9203907163021,3451.8712049837195,5889.467773438,3338.926513672,
WA2,5.33,RA2,5.97,0.808,0.606,1.302,83.2,53.47337380106075,32.753126467066636,3021.539173528343,5478.342773438,3259.272705078,
WA2,1.37,RA1,4.36,0.618,0.53,1.913,82.9,55.80342738957275,35.04500741854431,3762.6698163434694,5881.782714844,3331.593017578,
WA2,2.25,RA1,3.84,1.194,0.48,1.924,80.8,55.275165221607985,34.14284061438,3594.6424725979364,5760.962890625,3312.005126953,
WA1,0.29,RA1,0.69,0.9,0.256,1.02,91.9,60.59984266292482,41.91896996176635,5288.857968675531,6769.303710938,3444.963623047,
WA1,1.81,RA1,3.97,1.096,0.321,1.955,82.3,56.89142691713533,36.09572603450356,4108.733456064765,6033.097167969,3355.171630859,
WA1,1.7,RA1,4.71,0.948,0.474,2.412,94.1,55.003944890014296,35.640181897532855,3508.3748400289223,6003.160644531,3356.679443359,
WA1,4.22,RA2,1.77,0.535,0.423,0.9,95.9,54.40247825130338,35.47598065187022,3317.0635334869844,5844.48828125,3304.007568359,
WA2,0.02,RA1,4.03,1.316,0.576,2.123,82.5,57.909613351729995,37.160275505449306,4432.594675768299,6194.657714844,3382.566162109,
WA1,4.34,RA1,0.61,0.73,0.304,2.97,85.0,54.4446572719381,33.43682815764524,3330.479060719939,5770.344726563,3314.464111328,
WA2,0.6,RA1,1.05,0.536,0.331,2.474,85.3,57.02299774367106,36.483930854679954,4150.583770542689,6154.483886719,3372.425048828,
WA1,5.11,RA1,5.34,0.509,0.262,2.065,85.6,53.20769694144758,32.46963739443635,2937.0342362385168,5534.88671875,3280.643310547,
WA2,5.27,RA2,0.56,1.233,0.282,1.412,96.4,53.183963955114876,33.86469502138644,2929.484323176921,5673.598144531,3280.500732422,
WA2,4.14,RA2,2.87,0.88,0.599,0.792,82.3,55.217042057311865,34.59422693493268,3576.1566870275924,5700.919433594,3281.456787109,
WA1,0.62,RA1,5.47,0.934,0.456,1.511,90.4,58.062252035736336,38.90879413997682,4481.714955807594,6367.231445313,3402.668701172,
WA2,5.18,RA1,5.28,1.155,0.601,1.63,88.3,52.68412540241097,32.30670411097494,2770.4983202719545,5469.448730469,3264.196044922,
WA2,0.28,RA2,1.57,0.783,0.517,2.147,93.0,56.262162966996456,36.98078771152679,3908.5818172935324,6184.360351563,3377.648193359,
WA1,3.11,RA2,4.13,1.056,0.395,2.276,88.2,54.2073473943092,33.915738453219745,3254.9964762151085,5753.779296875,3316.640869141,
WA2,5.03,RA1,3.35,1.389,0.225,2.055,82.7,53.281457757786924,32.143138020141485,2960.495336535063,5499.392089844,3271.868408203,
WA2,5.22,RA2,0.45,0.942,0.308,2.921,80.9,53.5599972030856,31.92733665122161,3049.091799383718,5551.15625,3281.892822266,
WA1,2.42,RA2,1.41,0.913,0.561,1.537,94.6,55.34576119502199,36.2973877137282,3617.097984560345,6030.383789063,3344.420166016,
WA2,0.71,RA2,2.98,1.088,0.246,1.443,89.5,56.61310068172643,37.138304809678665,4020.2058951606095,6104.8359375,3354.482666016,
WA1,4.75,RA1,5.78,1.074,0.601,1.84,91.1,52.9686513978569,32.93031819727604,2860.9996225665777,5576.03125,3284.696044922,
WA2,2.18,RA2,0.33,0.701,0.405,1.834,90.5,55.01919276723654,35.16718925755742,3513.226185588359,5920.759277344,3328.334716797,
WA2,4.3,RA2,0.68,1.183,0.3,1.255,94.1,53.86234292638074,34.459158550975744,3145.2585202939845,5745.764648438,3290.730224609,
WA2,4.21,RA2,0.27,0.648,0.263,2.25,92.3,53.24653455509906,33.13894332949104,2949.3858529150643,5677.833984375,3295.164306641,
WA1,3.67,RA2,1.13,1.337,0.377,1.561,93.3,54.46432260324472,35.02330888545123,3336.7334010027203,5860.154296875,3317.417724609,
WA2,4.54,RA1,0.28,1.07,0.502,0.677,95.2,54.774720351642564,35.77878125960923,3435.464954970594,5885.413085938,3296.857666016,
WA2,5.78,RA1,0.03,1.163,0.449,1.497,89.9,54.18094594569037,34.181774971560486,3246.5999375972797,5742.630859375,3286.443115234,
WA1,4.38,RA1,0.77,0.849,0.47,2.689,88.6,54.058603132948484,33.541870329235664,3207.685007010593,5766.007324219,3312.402587891,
WA2,5.88,RA2,5.5,1.186,0.323,2.904,96.5,50.842347032067295,30.475261329761857,2184.675972858852,5313.394042969,3254.857177734,
WA2,0.83,RA1,3.62,1.298,0.431,2.584,89.3,55.30446499904332,35.24683785356264,3603.9632189942818,5966.378417969,3350.719482422,
WA2,1.21,RA1,3.75,0.762,0.355,2.132,96.7,54.252538012060185,35.10723512298531,3269.3709337266077,5913.184570313,3338.190673828,
WA1,4.26,RA2,4.56,1.006,0.462,2.848,92.1,52.59891118815837,32.32490663240543,2743.3949133058272,5569.58203125,3293.399169922,
WA2,4.85,RA2,3.14,0.523,0.265,2.126,83.4,53.11746895000808,32.038796030912,2908.33469204889,5487.524902344,3271.851318359,
WA1,4.1,RA2,0.88,0.556,0.553,0.891,89.2,55.55266859731484,35.87772667981716,3682.910701835218,5908.443847656,3311.226318359,
WA2,0.61,RA2,5.21,1.166,0.589,2.317,89.5,55.37181617713329,35.46966813092649,3625.386287622531,5967.25390625,3351.785400391,
WA1,4.16,RA2,0.28,0.843,0.387,2.438,91.6,53.9419603670537,33.86101415708127,3170.583498647578,5791.325195313,3314.806396484,
WA1,4.46,RA1,1.22,1.282,0.587,1.524,83.8,55.32778155888215,34.67086563939597,3611.379668722437,5814.21875,3307.598876953,
WA2,4.66,RA1,5.79,0.765,0.28,2.159,83.2,52.903712162976554,31.800015161366122,2840.34505421672,5448.397460938,3268.750732422,
WA1,2.26,RA1,2.57,1.001,0.259,1.898,84.3,56.374464901274735,35.833855008101956,3944.30230343322,6001.235351563,3346.658447266,
WA2,4.26,RA2,0.93,0.638,0.345,0.485,95.9,54.70449416473153,35.94016962022701,3413.127986619392,5849.401367188,3289.491455078,
WA2,4.74,RA2,3.3,0.566,0.518,1.742,96.3,52.21458272097152,32.56021579625109,2621.149633208031,5522.686035156,3272.561279297,
WA1,2.5,RA1,3.22,0.583,0.3,0.915,85.6,56.95298476752312,36.95037153745096,4128.315704135986,6044.384765625,3337.156005859,
WA2,1.31,RA2,4.52,0.977,0.648,2.533,96.7,53.66806491156561,34.30544683191427,3083.464629133439,5824.2265625,3330.622802734,
WA1,4.01,RA1,2.67,1.314,0.476,1.996,96.3,53.30807907965042,33.859499296185845,2968.9632184862817,5736.514648438,3306.781005859,
WA2,5.5,RA2,5.67,0.847,0.443,1.099,95.5,52.38020392057139,32.92138446710062,2673.8297546390636,5488.973144531,3258.158935547,
WA2,2.92,RA2,1.78,1.086,0.344,0.568,81.6,56.89140026546245,36.304588256395455,4108.725860509203,5908.610839844,3304.596923828,
WA1,1.26,RA1,3.78,0.692,0.508,2.565,83.5,57.18555737535967,36.45161561485855,4202.290856139611,6130.735351563,3376.534423828,
WA2,4.48,RA1,0.92,0.913,0.349,0.582,80.9,56.55635339192143,35.758554198753615,4002.1568498683923,5854.049804688,3291.679443359,
WA2,3.45,RA1,1.37,0.733,0.375,2.02,87.4,54.15979480414362,33.700407852505016,3239.8725070363425,5729.912109375,3302.411376953,
WA1,4.04,RA2,3.21,1.077,0.478,2.353,90.0,53.408068111354844,33.15187475557951,3000.7660612895015,5658.705078125,3301.132568359,
WA1,5.57,RA2,0.64,1.208,0.336,0.579,93.0,54.90113082028383,35.729776760222244,3475.671660836093,5844.009277344,3291.442626953,
WA2,2.37,RA2,3.96,0.927,0.44,0.711,86.6,55.787509897584236,35.91052494736871,3757.607424950531,5865.081054688,3306.699951172,
WA2,1.79,RA1,5.32,1.369,0.59,2.067,96.3,53.53109719550356,34.19669085389427,3039.898277154141,5773.921875,3318.009033203,
WA1,0.74,RA1,0.03,1.037,0.442,2.859,85.2,59.22534827574675,38.67739290975492,4851.666128047999,6500.872070313,3424.841552734,
WA2,2.48,RA1,3.88,0.961,0.272,0.935,94.2,54.57987932787936,35.50390908729306,3373.4887721432356,5842.349121094,3307.188720703,
WA1,1.09,RA1,4.8,1.267,0.583,2.821,96.9,55.3696607521269,36.4026720934651,3624.7013376219834,6134.266601563,3380.737060547,
WA2,1.74,RA1,0.4,0.588,0.527,1.641,85.6,56.553481713904496,36.201713368487155,4001.242950145439,6053.162597656,3343.529541016,
WA1,0.6,RA1,3.72,1.31,0.343,1.544,90.5,58.35514320863809,39.199571064436036,4574.879018382126,6420.1875,3408.971923828,
WA2,3.39,RA1,2.19,0.785,0.393,0.363,84.2,56.91219494546934,36.82462066234436,4115.340714958939,5934.606445313,3298.429443359,
WA1,1.66,RA2,2.16,1.112,0.349,1.622,87.6,56.90453935854249,37.044384759847134,4112.905819401436,6137.043457031,3364.468505859,
WA2,3.31,RA2,1.05,1.046,0.579,2.626,82.4,54.30601052319084,33.05687905949612,3286.380753462438,5681.905273438,3302.217529297,
WA1,4.4,RA2,3.76,1.155,0.601,2.601,90.7,52.87938285354134,32.54479375308005,2832.605253932751,5588.770996094,3293.341064453,
WA2,5.44,RA1,3.31,0.989,0.649,1.601,93.2,52.4820352240558,32.58473776833971,2706.2188063316416,5515.065429688,3267.725341797,
WA2,1.34,RA2,4.63,1.16,0.331,1.581,88.7,55.2399588481707,35.40396008549656,3583.4450984223117,5891.362304688,3329.491943359,
WA2,3.01,RA2,3.98,1.263,0.563,1.977,82.8,54.18993409792157,33.244553707097005,3249.4593667662343,5636.791992188,3294.721923828,
WA1,0.96,RA2,3.4,1.009,0.592,0.737,92.4,58.29988172907321,39.65867538999721,4557.299808368062,6390.154296875,3388.663330078,
WA2,1.31,RA1,2.93,0.557,0.366,0.463,83.5,58.354710124630344,38.22082749444292,4574.167212826001,6147.266601563,3338.478759766,
WA2,2.82,RA2,2.73,0.542,0.641,1.209,92.0,54.39524575335196,34.92628214640354,3314.763186262922,5787.985839844,3302.205810547,
WA2,3.47,RA2,3.42,0.839,0.37,1.907,95.3,52.74435735084929,33.088337618941274,2789.659019176172,5611.573242188,3289.010498047,
WA1,2.26,RA2,5.44,0.965,0.359,2.649,88.3,54.64703395272012,34.38387266649435,3394.8505343825473,5838.998046875,3335.005126953,
WA2,3.01,RA1,0.83,0.649,0.235,2.055,83.6,55.11503085809212,34.21471001429556,3543.7076850571884,5811.817382813,3313.604248047,
WA1,2.17,RA1,4.3,0.606,0.304,2.5,92.2,54.65543577600781,34.92400868395178,3397.524416884686,5912.291015625,3342.672607422,
WA2,2.87,RA2,3.54,1.083,0.385,0.996,82.2,55.62188869798437,34.98945341420721,3704.9264896306076,5774.94140625,3298.486572266,
WA1,3.78,RA1,0.24,1.015,0.225,1.034,83.1,57.09502955740351,36.52109492614585,4173.495554449908,6032.920898438,3327.884033203,
WA2,5.27,RA1,4.37,1.239,0.626,0.924,90.3,53.41044673953672,33.59012304936359,3001.5237112901077,5573.883789063,3265.797607422,
WA2,1.02,RA2,4.98,1.041,0.558,2.524,83.1,55.530304821245075,34.65113397321261,3675.7956301628587,5869.55859375,3338.197509766,
WA2,4.35,RA1,2.06,0.908,0.466,0.959,86.6,54.714471746563675,34.55377579819483,3416.301814677486,5727.3046875,3285.737548828,
WA1,1.21,RA1,5.16,0.954,0.389,0.746,81.6,59.43574699828117,38.94996742020077,4918.589413657093,6288.711914063,3374.483642578,
WA2,5.27,RA1,3.19,1.177,0.242,2.097,95.3,51.983375991720465,32.011682273150335,2547.6085089825315,5485.91015625,3269.941650391,
WA1,3.13,RA2,2.22,0.539,0.438,0.958,93.6,55.27370939384486,36.22934032421761,3594.1805042642336,5951.108398438,3322.876220703,
WA2,3.53,RA2,4.45,1.185,0.514,0.609,82.3,55.664997182392696,35.17321458441282,3718.6374271415766,5743.549804688,3285.096923828,
WA2,5.46,RA1,0.5,1.038,0.445,1.033,80.1,55.610445294230104,34.4931263840238,3701.288522961031,5747.204589844,3284.526123047,
WA1,3.12,RA1,2.25,0.685,0.562,1.433,81.8,56.66233230370393,35.91355605335581,4035.8667023953603,5946.250976563,3326.431396484,
WA2,1.57,RA2,3.22,1.008,0.475,2.978,86.8,54.460884584602276,33.847175520029865,3335.6399223907342,5793.833496094,3327.400634766,
WA1,3.31,RA2,3.35,0.661,0.452,1.632,96.8,53.774710106436935,34.67574879823442,3117.3863413827985,5802.797363281,3314.673583984,
WA2,4.41,RA2,5.13,1.093,0.537,1.533,91.9,52.69096479386396,32.786090505438494,2772.673884718139,5521.65625,3271.437744141,
WA1,1.29,RA1,2.4,0.805,0.448,2.197,92.0,56.48179636755291,37.076038408000734,3978.4415720716424,6200.54296875,3381.018310547,
WA1,5.79,RA2,0.03,0.582,0.265,2.804,87.4,53.43093159886793,32.608622454722884,3008.0376543508746,5645.9453125,3293.985595703,
WA1,1.33,RA2,0.48,0.534,0.373,2.959,90.4,56.620129963073765,36.76250713182553,4022.4411382179533,6221.266601563,3387.033935547,
WA2,5.67,RA1,4.92,1.076,0.398,0.885,91.2,53.13159414188493,33.38180216872675,2912.827964552485,5538.057617188,3260.190673828,
WA2,0.2,RA1,3.6,0.964,0.304,0.799,80.6,59.6595046880136,38.933116440226414,4989.761288714032,6301.934570313,3375.531982422,
WA1,5.85,RA1,0.52,0.748,0.38,2.125,86.9,53.92085253469371,33.27232052865488,3163.870173919985,5692.831054688,3294.443115234,
WA1,4.42,RA1,0.41,0.581,0.328,2.549,95.6,53.54317689899634,33.81436435281712,3043.7426782683274,5801.270507813,3315.083251953,
WA2,5.78,RA2,1.66,1.046,0.288,2.814,89.8,52.06606166365958,31.311044638272904,2573.9100498369057,5445.535644531,3268.503173828,
WA2,2.44,RA1,0.64,0.565,0.332,2.86,93.7,53.95129498666576,34.03708162911406,3173.5538761499542,5846.755371094,3325.764404297,
WA2,4.17,RA2,5.8,1.007,0.546,2.357,96.3,51.714834116571936,31.771793455364367,2462.1915708586425,5456.89453125,3273.033447266,
WA2,5.38,RA2,5.17,0.934,0.316,1.364,93.4,52.48681580128828,32.7762144921728,2707.73980244397,5487.560058594,3260.457275391,
WA1,4.8,RA1,2.47,0.818,0.441,2.207,84.5,53.962565157166246,33.08432926340702,3177.139216986156,5648.836914063,3295.052978516,
WA2,2.39,RA1,4.49,0.808,0.45,0.823,85.3,55.79053482141023,35.68213648711832,3758.570424117968,5850.606933594,3307.033447266,
WA1,1.1,RA2,4.48,1.337,0.286,2.303,84.0,57.31005228143051,36.76385611448353,4241.890194504624,6148.038085938,3379.020263672,
WA1,1.24,RA2,1.22,0.725,0.478,0.763,81.8,60.10646038933449,39.55982506188917,5131.927087438875,6397.179199219,3385.669189453,
WA1,3.68,RA2,4.59,0.987,0.219,1.628,90.6,53.95375023818882,34.13220397173227,3174.3340411505787,5721.176757813,3303.645263672,
WA2,2.94,RA2,5.91,1.324,0.326,0.939,89.8,54.338874913404815,34.68009168125597,3296.832142359688,5716.656738281,3291.303466797,
WA1,2.87,RA2,3.24,0.952,0.377,2.169,83.0,55.31130772130044,34.44287439020075,3606.1385120515774,5822.853515625,3324.926513672,
WA1,1.89,RA2,0.05,1.107,0.371,0.617,86.1,59.101686222663645,39.31182785121014,4812.330190516532,6356.033203125,3370.339599609,
WA2,3.29,RA1,1.42,0.924,0.476,1.32,88.5,54.97746015644601,35.0368671507116,3499.9495469666267,5828.44921875,3304.574462891,
WA1,4.2,RA2,2.23,1.269,0.326,0.827,82.2,56.106605965855614,35.50763387384856,3859.1034644761717,5836.295898438,3302.184814453,
WA1,4.32,RA1,4.82,1.0,0.585,0.87,93.6,54.17730137963972,34.96890099387209,3245.4410834296864,5756.1953125,3293.827880859,
WA1,4.83,RA2,1.06,0.95,0.648,2.601,88.8,53.44217178689142,32.905467455432586,3011.6140432426246,5659.260253906,3298.499755859,
WA2,1.8,RA2,3.37,1.011,0.379,2.18,81.0,55.40692593891138,34.25063682564463,3636.5540937425767,5796.42578125,3321.134033203,
WA2,5.03,RA2,0.58,1.17,0.317,1.305,89.5,54.03352758627912,34.058935698708204,3199.7097464486565,5694.740234375,3282.905029297,
WA2,0.12,RA2,0.73,1.281,0.633,0.877,89.8,58.74114071347782,39.562125603062384,4697.651913480344,6418.174804688,3390.086669922,
WA1,2.13,RA2,4.04,0.939,0.531,2.708,86.5,55.18965451076952,34.713215627918466,3567.443579242844,5893.885253906,3342.324462891,
WA2,3.79,RA2,0.87,0.651,0.563,1.244,90.7,54.42701410814679,34.71041553511767,3324.8687093265617,5777.326171875,3296.213134766,
WA2,0.47,RA1,2.06,0.782,0.494,2.233,90.3,56.30978218547093,36.58868476587061,3923.729386750095,6139.195800781,3370.930419922,
WA2,5.33,RA2,4.69,1.345,0.537,1.73,87.7,52.55638236933866,32.05024692417235,2729.8665385727822,5444.193359375,3262.114013672,
WA1,5.13,RA1,0.75,0.711,0.313,2.321,92.7,53.41526396347438,33.37017388438399,3003.0550154579996,5717.727050781,3301.470458984,
WA1,2.38,RA1,0.57,1.343,0.413,0.493,93.1,57.748093121310646,39.08191856099088,4381.789282949876,6300.737304688,3356.419189453,
WA1,1.57,RA1,0.93,1.089,0.598,1.17,84.2,58.92224299025433,38.67258309497882,4755.2582501930965,6328.627929688,3379.286376953,
WA2,3.76,RA2,0.79,1.255,0.213,2.108,94.6,53.13567845355158,33.3493155077697,2914.1267926090795,5687.768554688,3297.191162109,
WA2,2.8,RA2,5.23,1.341,0.447,0.708,96.1,54.167776870133316,35.35077804773306,3242.4110270383735,5781.881835938,3295.226318359,
WA1,3.79,RA2,3.82,1.008,0.436,2.045,85.3,54.20920299105232,33.58193395651852,3255.58702510447,5690.27734375,3303.690185547,
WA2,3.24,RA2,4.83,0.898,0.365,1.038,85.2,54.70448750224997,34.43430077200076,3413.1241888416102,5696.092773438,3288.656005859,
WA1,2.06,RA1,2.82,0.507,0.615,2.859,88.1,55.395719065915635,35.09609359802607,3632.9880129063904,5967.745117188,3351.503662109,
WA1,4.79,RA2,3.58,1.217,0.447,0.85,95.0,53.85753236667125,34.74855237954393,3143.729657514984,5725.604003906,3287.918212891,
WA2,1.5,RA2,4.29,1.081,0.573,0.935,81.3,56.99494724571732,36.33448942125767,4141.662329702219,5951.10546875,3325.995849609,
WA1,1.71,RA2,4.46,1.228,0.386,2.612,83.1,56.20866047338879,35.359918485132404,3891.5641306132516,5975.41796875,3354.858154297,
WA2,3.82,RA1,3.71,0.745,0.48,0.848,80.3,55.56992198541184,34.664124778264124,3688.3968129507175,5717.319335938,3285.510009766,
WA1,1.12,RA1,0.61,0.742,0.522,2.277,84.0,58.624587896760666,37.99851808969564,4660.581600950688,6356.733886719,3400.294677734,
WA1,2.96,RA1,2.05,0.78,0.56,2.995,87.9,54.60256291965712,34.09438747660636,3380.706925482343,5843.470703125,3331.140869141,
WA1,0.48,RA2,4.5,0.631,0.32,1.39,89.2,58.97132802977762,39.754205391950734,4770.869144372251,6456.267578125,3411.305908203,
WA1,5.37,RA1,1.5,0.843,0.206,2.933,92.1,52.76224370700737,32.39045487608855,2795.345596958499,5610.602539063,3292.664794922,
WA2,1.48,RA2,5.97,0.679,0.531,0.599,91.3,55.972316706238715,36.901534621002405,3816.388349442,5975.011230469,3322.651611328,
WA1,2.33,RA2,5.77,1.343,0.271,2.28,92.7,54.24563865565319,34.59234577902743,3267.178008169298,5841.219238281,3332.309326172,
WA1,2.89,RA2,1.79,0.824,0.223,2.117,96.5,54.0720620417365,34.81708023885984,3211.965334514017,5880.689453125,3330.404052734,
WA1,1.95,RA2,1.0,0.748,0.254,2.441,80.2,57.270048673246876,35.93774925481628,4229.16612755,6068.503417969,3360.864990234,
WA1,4.13,RA2,0.93,1.194,0.312,1.675,91.7,54.27093740637133,34.525260395438906,3275.2235267868455,5806.823242188,3310.376220703,
WA2,0.36,RA1,3.87,1.131,0.556,0.683,84.0,58.89649782969201,38.82949254319821,4747.067603519877,6268.790039063,3367.607666016,
WA2,4.4,RA2,0.13,0.84,0.526,1.014,80.7,55.92547037579796,34.93900185508893,3801.4868194300784,5802.60546875,3294.030029297,
WA2,3.26,RA2,2.94,1.01,0.445,1.208,88.0,54.51851803074077,34.53695818564682,3353.9721707387334,5732.737304688,3293.950439453,
WA1,3.19,RA1,2.7,1.237,0.444,1.553,93.2,54.61861033571265,35.2359095393665,3385.8086507642024,5880.418945313,3322.706298828,
WA2,5.3,RA1,3.72,0.828,0.479,1.2,81.1,54.281957721150164,33.32675528499453,3278.7285726229834,5564.772460938,3267.630615234,
WA2,3.14,RA1,2.99,0.996,0.476,1.205,90.9,54.41523423204399,34.7873561454486,3321.120065712452,5771.947265625,3298.664794922,
WA1,3.14,RA1,0.4,1.252,0.258,2.665,83.4,55.86580809878927,34.8328085596881,3782.5113963593426,5949.701171875,3339.212646484,
WA2,0.59,RA1,3.43,1.253,0.496,1.743,91.9,55.975654781544506,36.630546076347635,3817.451446109517,6089.416992188,3360.042724609,
WA2,2.2,RA1,3.64,0.564,0.619,0.903,88.4,55.584796745326976,35.87234887298644,3693.1282582322806,5891.251464844,3313.769287109,
WA1,4.81,RA2,0.36,1.002,0.622,1.452,86.3,55.19487150368718,34.934475397077264,3569.105091744173,5826.336425781,3303.893310547,
WA1,3.17,RA2,4.41,1.251,0.235,0.922,88.8,55.46136122797008,35.82356493937889,3653.868004311984,5878.544433594,3314.555908203,
WA1,3.19,RA1,1.14,0.974,0.312,2.007,83.0,55.96579379881626,35.08917044217648,3814.313696662562,5923.84375,3331.749267578,
WA2,4.6,RA1,3.46,1.107,0.516,1.482,81.8,54.394992565952876,33.508374969967065,3314.682619873968,5606.383789063,3276.343994141,
WA1,3.03,RA2,3.95,0.981,0.47,2.824,95.3,53.264990582686785,33.54412289774701,2955.257435141984,5739.53515625,3318.958740234,
WA2,2.47,RA2,3.8,1.244,0.346,0.988,89.3,54.97132369304041,35.30177237549082,3497.9983208539543,5816.006347656,3305.165771484,
WA2,2.16,RA2,2.71,1.364,0.2,0.442,84.8,57.16842724972145,37.2068404519328,4196.84163752414,5998.24609375,3315.273681641,
WA1,5.96,RA1,1.81,0.77,0.3,2.618,80.4,53.77017605324867,32.19541551315731,3115.9437416594214,5561.529296875,3283.540771484,
WA2,0.57,RA1,2.76,0.64,0.319,2.708,84.2,56.51004008707843,35.77421237358054,3987.4245909677174,6053.123535156,3363.566162109,
WA2,0.55,RA2,2.4,1.326,0.53,2.267,93.5,55.47674569348753,36.11920498108666,3658.7608537603423,6067.809082031,3362.685302734,
WA1,4.95,RA2,4.14,1.019,0.608,1.927,85.1,53.52159933679674,32.8047091066588,3036.8793427072815,5570.606933594,3283.956298828,
WA2,4.68,RA1,5.53,0.801,0.596,1.501,95.8,52.30889169327353,32.74661352760389,2651.1463779542505,5513.76171875,3269.135498047,
WA1,4.49,RA1,5.1,1.336,0.485,2.025,80.9,54.184607168381575,32.97309929787242,3247.7636745426553,5602.03125,3290.346435547,
WA1,3.24,RA2,0.9,0.952,0.299,0.484,92.4,56.60759052477366,37.71057867587509,4018.452965436985,6094.318359375,3327.633544922,
WA2,4.52,RA2,3.45,0.581,0.394,2.434,82.5,53.10481291173079,31.840897942023616,2904.310440656782,5481.891113281,3274.666259766,
WA2,2.86,RA1,4.47,0.993,0.318,1.406,87.4,54.5895537515174,34.53405767093553,3376.5681993679214,5739.0859375,3298.191162109,
WA1,2.89,RA1,1.19,0.856,0.457,1.837,97.0,54.62994713452202,35.60469536539217,3389.4151502115324,5978.416992188,3338.214111328,
WA1,0.43,RA1,4.66,0.791,0.616,0.587,91.4,59.903024319838515,41.31871808932803,5067.221141276,6591.701171875,3416.099853516,
WA2,2.09,RA2,1.92,1.034,0.211,1.158,96.8,54.63829898701471,35.85000186097435,3392.0730279914364,5918.280273438,3320.198974609,
WA2,2.64,RA1,5.55,0.71,0.508,0.763,92.4,54.647670252458646,35.421235247830396,3395.0528999382645,5801.670898438,3299.298095703,
WA1,4.44,RA1,1.46,1.059,0.266,2.556,84.9,54.236257396923556,33.32136894941889,3264.1940673335776,5717.238769531,3306.260498047,
WA2,1.83,RA1,2.83,0.799,0.533,0.911,89.3,55.97714725513951,36.42835670133582,3817.9264352765636,5974.638671875,3325.354248047,
WA2,3.74,RA2,5.95,1.126,0.501,1.348,95.4,52.94503834143223,33.609412197171885,2853.4898570050145,5599.264648438,3278.601806641,
WA1,1.02,RA2,1.7,1.21,0.478,0.491,91.1,59.374255776202254,40.65191215332463,4899.032664474782,6494.033203125,3392.772216797,
WA1,2.33,RA1,1.63,1.267,0.497,2.64,80.3,56.63979862605781,35.25158796887096,4028.700632667405,5987.4765625,3349.762939453,
WA2,5.88,RA1,3.05,1.139,0.607,1.634,90.2,52.62178133902632,32.393522547563016,2750.667862478312,5494.267089844,3264.510498047,
WA1,1.19,RA1,5.8,1.005,0.521,0.455,95.7,57.812089565707645,39.78636509439778,4402.1465421328285,6346.475585938,3373.767822266,
WA2,2.94,RA2,4.47,0.517,0.508,1.292,85.1,54.75656748224895,34.43446398489623,3429.6910291326417,5715.776367188,3294.586181641,
WA2,3.75,RA1,5.27,1.301,0.567,0.428,89.4,55.10187177669409,35.653620124594774,3539.523114776063,5770.5546875,3281.800048828,
WA2,0.91,RA1,5.38,1.091,0.24,1.363,96.3,55.25895123390693,36.59919646668456,3589.4845948160323,6018.372070313,3342.724365234,
WA1,1.44,RA2,0.92,1.373,0.609,1.223,89.2,57.98557623219332,38.57876538659302,4457.327748843641,6310.211425781,3379.445068359,
WA1,3.49,RA1,4.1,0.682,0.262,2.175,95.3,53.353796060517595,33.790235967547396,2983.5053193312488,5732.595703125,3311.033447266,
WA1,5.97,RA2,5.85,0.631,0.62,2.78,85.4,52.2195265381721,31.117684520241188,2622.722712653734,5393.978515625,3266.903564453,
WA1,1.91,RA1,5.28,1.154,0.544,2.682,87.0,55.35053177896879,34.984231463509,3618.6151828948923,5927.74609375,3348.017822266,
WA2,2.66,RA2,5.6,1.305,0.62,1.076,93.2,54.04889206347856,34.749256187014446,3204.596628119233,5740.060058594,3296.995361328,
WA1,1.11,RA1,4.57,1.051,0.32,1.853,83.9,57.80424075720901,37.380519326950704,4399.0766093525945,6197.8359375,3380.498779297,
WA1,4.12,RA1,2.16,1.119,0.414,1.681,90.3,54.25867114378834,34.34664804321017,3271.3218884503913,5777.020507813,3307.391357422,
WA2,5.11,RA1,2.95,0.624,0.287,0.435,93.0,54.42501859230436,35.28360151591235,3324.233129881609,5734.206542969,3272.628662109,
WA1,5.7,RA2,1.34,1.104,0.291,0.892,83.0,55.24504924695217,34.6466916271749,3585.064022034718,5733.084960938,3285.270263672,
WA2,4.13,RA2,5.2,1.299,0.392,2.407,90.3,52.27773964989921,31.822000035323708,2641.239422668547,5469.520019531,3274.844482422,
WA2,2.36,RA2,5.63,1.015,0.441,2.05,92.0,53.36788793824001,33.483627207958925,2987.986384890389,5669.68359375,3302.791748047,
WA1,2.71,RA1,4.96,0.538,0.648,1.725,86.7,55.21477669655645,35.028153026548,3575.436472027016,5857.625,3325.987060547,
WA1,3.1,RA2,3.78,0.544,0.331,1.405,85.2,55.67107034916685,35.442824404092825,3720.5707496431237,5864.234375,3317.880126953,
WA2,1.0,RA2,1.77,1.327,0.51,2.745,87.9,55.43361055740632,35.12073795315035,3645.040421804921,5967.203125,3349.806884766,
WA2,4.34,RA1,0.68,1.201,0.622,2.195,82.3,54.43400674453556,33.22775826876179,3327.0933729394524,5689.509277344,3295.437744141,
WA2,2.71,RA2,1.07,1.031,0.521,0.885,87.7,55.782792616983194,35.928878208208744,3756.105417449329,5912.53125,3312.359619141,
WA2,4.15,RA2,5.44,1.217,0.523,0.677,81.9,55.04877238374386,34.44521501455377,3522.6326525403283,5650.944335938,3274.051513672,
WA2,0.51,RA2,4.24,1.154,0.639,1.972,82.7,56.88195237842393,36.171622873522274,4105.722659395689,6039.814941406,3358.025634766,
WA2,4.61,RA1,5.47,1.009,0.497,0.748,94.8,53.32461288218614,34.107173173464446,2974.2209223793766,5618.1484375,3270.106689453,
WA1,2.52,RA1,1.86,1.192,0.401,2.01,82.0,56.52433184885418,35.568027008229976,3991.9713031935776,5981.52734375,3343.164306641,
WA1,0.02,RA1,4.59,0.511,0.424,1.671,93.7,59.14993174671762,40.63535295144249,4827.680668028811,6628.721679688,3445.151123047,
WA2,1.3,RA1,3.96,0.908,0.399,1.943,80.1,56.34903289393884,35.17129824896308,3936.2120256489698,5904.233398438,3334.855224609,
WA2,0.29,RA1,0.89,1.088,0.217,2.613,91.3,56.66560375157415,37.01035104429688,4036.9070126739703,6238.870605469,3386.199462891,
WA2,5.52,RA2,0.29,0.875,0.28,2.131,90.4,52.94947578383459,32.57244256251855,2854.901260895032,5589.643554688,3280.165771484,
WA1,4.5,RA2,2.16,0.532,0.546,1.205,95.3,53.90894939525883,34.743559737331005,3160.084909194735,5766.581054688,3297.629638672,
WA1,5.06,RA2,0.39,0.924,0.255,2.627,85.6,53.91257397299148,33.003648089303134,3161.2372530845455,5683.572265625,3300.092529297,
WA2,4.17,RA1,3.67,0.598,0.528,2.017,96.8,52.2713266790991,32.594630306376175,2639.198407111359,5556.424804688,3280.918212891,
WA2,2.56,RA2,5.09,0.734,0.459,2.002,95.8,52.95450288598461,33.42677731122195,2856.497940618532,5659.516601563,3300.020263672,
WA2,2.96,RA2,1.08,1.048,0.519,2.945,80.0,54.67839587518009,33.06666861595064,3404.8258491127494,5701.606933594,3307.823974609,
WA1,3.75,RA2,0.71,1.263,0.56,2.997,87.0,54.27546479707804,33.5578916010114,3276.663685399109,5776.938964844,3318.709716797,
WA2,3.36,RA2,3.83,0.51,0.291,1.096,93.4,53.794601973469774,34.42364888572795,3123.71256749897,5703.956542969,3289.435302734,
WA2,3.04,RA2,1.94,0.506,0.509,1.255,92.3,54.36327418282635,34.895154276248476,3304.5944579214533,5792.505371094,3301.748779297,
WA1,1.16,RA1,5.0,1.33,0.416,1.607,80.6,58.46598598347582,37.574821088809834,4609.561635632093,6196.374511719,3377.074462891,
WA1,0.93,RA2,2.76,1.279,0.603,1.576,93.8,57.16693477612643,38.384707857212824,4196.938751135329,6312.650878906,3392.364990234,
WA1,3.39,RA2,4.07,1.0,0.208,1.88,85.6,54.589037382560214,34.110503414306734,3376.404353812235,5746.996582031,3310.801513672,
WA2,5.82,RA1,1.68,0.528,0.643,2.01,94.3,52.304271023458384,32.28580565118083,2649.6763801752963,5529.709960938,3271.995849609,
WA2,3.57,RA1,5.19,1.176,0.517,1.183,80.5,55.02184124120469,34.08263979507464,3514.0668430890314,5660.614257813,3284.633056641,
WA2,2.98,RA1,1.43,0.907,0.628,0.923,85.1,56.0032322188545,35.756538081529584,3826.2228763943117,5896.833007813,3309.640869141,
WA1,4.71,RA2,4.67,1.322,0.4,0.416,88.2,55.453202597922484,35.89419697263381,3651.2717043099065,5799.952148438,3286.046142578,
WA1,2.04,RA1,2.9,1.286,0.34,1.217,93.1,56.217228868322,37.23637500040712,3894.2890114487645,6112.0078125,3351.774658203,
WA1,1.23,RA1,0.22,0.849,0.589,0.657,85.3,60.50952139237688,40.582524522988585,5260.129127541437,6547.501953125,3399.401611328,
WA1,2.0,RA1,5.34,0.593,0.545,2.326,80.4,56.3623785353004,35.163583655976545,3940.459530096812,5928.220214844,3344.974853516,
WA2,1.93,RA1,1.16,0.749,0.344,1.519,82.0,56.66284534098367,35.835039391921605,4036.029734062157,5975.380859375,3332.481201172,
WA1,1.64,RA1,0.09,1.061,0.431,0.897,86.0,59.3036764594288,39.387207121343806,4876.580950012376,6418.784179688,3384.825927734,
WA2,0.85,RA2,4.23,0.755,0.31,0.539,90.4,57.2367345432579,38.20381809866461,4218.569068097077,6149.747070313,3345.671630859,
WA2,0.3,RA2,0.17,1.313,0.223,1.367,81.5,59.60133155292247,38.834156522200104,4971.259227032563,6364.764648438,3386.519287109,
WA2,4.23,RA1,5.35,1.067,0.511,1.531,86.0,53.44804839954303,32.97446832212034,3013.4836179663425,5549.732421875,3275.094970703,
WA2,4.28,RA1,4.03,0.98,0.638,2.353,87.9,52.74654275745939,32.09200077648067,2790.352378621171,5511.873046875,3278.265380859,
WA1,4.88,RA1,5.52,0.921,0.405,2.164,92.1,52.59404399342568,32.48054822496739,2741.846519137922,5543.947265625,3283.421630859,
WA2,1.39,RA2,1.34,1.275,0.478,2.769,86.7,55.235488091613895,34.69584004367414,3582.0236573100633,5914.041015625,3340.526611328,
WA2,2.72,RA2,0.18,0.928,0.358,1.572,82.9,55.9211795158498,35.1420050545381,3800.125057206767,5891.270996094,3318.918701172,
WA2,3.05,RA1,2.43,1.143,0.248,1.824,81.2,55.017303856338984,33.90772195349226,3512.6239719767664,5728.894042969,3302.721923828,
WA2,2.4,RA2,2.48,1.059,0.447,2.931,86.5,53.91557557594872,33.15988677697361,3162.192927807532,5701.040039063,3311.184326172,
WA2,4.88,RA1,3.55,1.206,0.396,2.436,89.3,52.383768532476715,31.776234202371565,2674.9633810288597,5477.020507813,3272.773681641,
WA1,3.98,RA1,0.47,1.338,0.458,1.64,90.1,55.06773145619895,35.196090997786385,3528.6634686562643,5912.649902344,3321.892822266,
WA2,3.33,RA2,4.93,0.659,0.63,0.534,81.8,55.99288484964607,35.485148167991,3822.9318605583458,5769.875976563,3286.980712891,
WA2,2.97,RA2,3.96,0.581,0.568,2.701,95.4,52.467720142284605,32.55341278427045,2701.666940216889,5595.23046875,3295.467041016,
WA1,3.97,RA1,2.72,0.762,0.477,1.535,83.5,55.201787517608054,34.55130980670607,3571.3026286903755,5783.413085938,3307.260498047,
WA2,3.42,RA2,5.48,0.774,0.624,1.502,96.7,52.74237515996998,33.42828417521821,2789.0275086201113,5605.328125,3284.329345703,
WA2,3.5,RA1,3.67,0.959,0.581,2.609,81.1,53.83334630713949,32.428980296281246,3136.0354300088284,5578.083496094,3290.321533203,
WA1,4.22,RA1,4.92,0.823,0.588,2.644,84.0,53.6109078577483,32.582688603320776,3065.285104396673,5594.928710938,3295.203857422,
WA2,4.27,RA2,2.44,0.892,0.295,0.81,82.4,55.202044035811284,34.57441776685832,3571.38428007933,5703.502929688,3281.464599609,
WA2,5.04,RA2,0.93,1.398,0.502,0.706,81.2,55.64341962019309,34.83833390786734,3711.775719080532,5739.230957031,3280.301513672,
WA1,4.33,RA1,2.92,0.893,0.646,0.574,90.9,55.37445798774656,36.064903055189525,3626.225588734314,5873.309082031,3300.250244141,
WA2,5.36,RA2,4.17,1.337,0.48,1.554,87.2,52.84834074678935,32.394673457412495,2822.7319358692966,5474.080566406,3263.173095703,
WA2,2.13,RA2,1.11,1.044,0.46,2.594,84.0,55.0097715318709,34.07643046792717,3510.228410030405,5820.127929688,3323.745361328,
WA2,5.56,RA2,3.46,0.53,0.217,1.631,86.3,52.89388782608018,32.29579306735626,2837.21896921422,5473.023925781,3263.285400391,
WA2,0.85,RA1,4.39,1.385,0.643,2.414,87.9,55.40974764613329,35.2226924116764,3637.450632354405,5947.168945313,3347.472412109,
WA1,1.47,RA1,3.78,1.097,0.501,2.163,89.2,56.275148815140724,36.45513102797486,3912.713490630171,6101.908203125,3368.093505859,
WA2,5.42,RA1,3.21,0.51,0.404,2.751,89.8,52.03393684819819,31.31323132428206,2563.6903231620636,5435.594238281,3268.322021484,
WA2,2.12,RA2,5.87,0.765,0.275,2.192,90.2,53.61777390000086,33.528651175466486,3067.4696205095315,5686.959960938,3307.364501953,
WA2,0.37,RA2,2.84,0.652,0.223,2.974,93.8,55.24767440092487,35.75006351967234,3585.8976264798293,6059.034667969,3368.152099609,
WA1,2.91,RA2,0.76,0.569,0.553,1.018,90.5,56.23608466576302,36.82901748797453,3900.287003953563,6054.538085938,3336.045166016,
WA2,0.09,RA2,0.67,0.657,0.466,0.751,87.6,59.408995751477335,39.913397044454435,4910.080841705842,6451.091796875,3391.948974609,
WA1,4.7,RA2,1.42,0.663,0.437,0.438,96.7,55.0320886679498,36.498094423289004,3517.3263917027502,5909.866210938,3298.270751953,
WA1,5.03,RA1,4.52,0.872,0.372,2.101,92.3,52.67996779908057,32.607798928685355,2769.176163326452,5560.798828125,3283.993408203,
WA1,3.47,RA1,5.05,0.549,0.319,2.522,80.9,54.604538447181554,33.30568668259054,3381.333824371734,5686.400878906,3308.637939453,
WA2,2.86,RA2,2.86,1.353,0.615,0.969,91.6,54.609302367773466,35.172344046354375,3382.8480388173894,5801.575683594,3300.999267578,
WA2,1.58,RA2,3.18,0.891,0.33,2.463,86.5,54.76276391060854,34.25794461339295,3431.660972745329,5819.614746094,3327.278076172,
WA2,0.58,RA1,3.19,0.818,0.58,1.968,91.1,55.94243393066399,36.39626703834631,3806.883412212174,6080.774414063,3361.361083984,
WA2,1.62,RA2,4.81,0.73,0.463,1.572,91.5,54.59520715924693,35.045623596348406,3378.3658879804707,5840.015136719,3321.530029297,
WA1,3.12,RA1,4.07,1.394,0.341,0.378,80.1,58.29624382550413,37.62490816416311,4555.572920311125,6035.768066406,3318.955322266,
WA1,2.47,RA1,3.15,1.117,0.358,2.272,84.3,55.67292927758739,34.9829967621903,3721.161569921374,5911.07421875,3338.243408203,
WA1,3.72,RA1,0.34,1.035,0.602,0.925,90.2,56.19456193405812,36.68352865623304,3887.0819800541103,6042.579101563,3327.956298828,
WA1,0.52,RA1,3.63,0.838,0.544,2.067,93.7,57.570169012422596,38.691793782001795,4325.198842349048,6404.02734375,3413.951904297,
WA1,4.17,RA1,1.52,0.92,0.621,2.043,95.7,53.54733450232675,34.027804203443566,3045.06483521383,5775.338867188,3310.292236328,
WA2,4.15,RA2,4.01,1.193,0.316,2.419,84.7,52.96846816957082,31.972626172197074,2860.9407575665305,5496.185546875,3277.612060547,
WA1,2.33,RA2,5.98,0.732,0.566,0.822,81.2,57.37599427174823,36.77154448284575,4262.8637728547355,5991.96484375,3331.887451172,
WA1,1.07,RA2,2.95,0.629,0.546,0.929,90.9,58.103614860023896,39.124087748155624,4494.871694151453,6343.236328125,3385.078857422,
WA2,0.62,RA2,0.44,1.014,0.313,1.532,95.2,56.40415445440438,37.61609745628623,3953.744577885218,6224.20703125,3371.362548828,
WA1,5.6,RA1,3.99,0.74,0.515,2.747,89.8,52.35651424255214,31.742574457352244,2666.2934049108126,5489.810546875,3278.190185547,
WA2,2.62,RA2,5.06,1.203,0.553,1.781,80.1,54.84646233214403,33.66992771546226,3458.283965544405,5672.018554688,3298.943603516,
WA2,3.4,RA1,5.61,0.823,0.507,1.412,90.7,53.69537583564007,33.939421867860084,3092.1519663626104,5652.065917969,3286.168212891,
WA1,3.21,RA2,5.77,0.572,0.407,2.381,91.0,53.537969900237684,33.48375214979271,3042.0844207670007,5695.426269531,3310.524169922,
WA1,5.81,RA1,3.96,0.769,0.376,0.633,91.7,54.13343666383821,34.71234317119807,3231.4879039740795,5690.509765625,3275.749755859,
WA2,5.31,RA1,2.63,0.671,0.216,0.417,96.9,54.05971915581232,35.34084233499958,3208.0411808997665,5740.086425781,3271.948974609,
WA1,2.33,RA2,4.76,1.079,0.425,2.907,93.8,53.91982979006502,34.1807721366519,3163.5454669752808,5828.6484375,3334.575439453,
WA1,2.04,RA1,2.03,1.149,0.382,0.911,91.1,57.030973147179196,37.88749984243743,4153.122561933609,6183.4375,3356.023193359,
WA2,4.45,RA1,1.4,0.565,0.531,1.646,80.3,54.81622642758019,33.57232765367606,3448.664282203376,5674.413085938,3288.507080078,
WA1,4.21,RA1,0.78,0.655,0.222,1.164,93.5,54.977213631528464,35.72136027842714,3499.872778355454,5922.555664063,3315.110107422,
WA2,5.01,RA1,0.38,1.236,0.251,1.927,90.5,53.54765098635728,33.33748190214588,3045.1643904916873,5687.05859375,3290.427978516,
WA1,2.56,RA1,4.87,1.384,0.505,1.209,96.6,54.87056510585302,36.16781706738332,3465.9488961060924,5952.081054688,3330.084716797,
WA1,5.02,RA2,4.76,1.188,0.467,1.239,82.1,54.60974877761765,33.863095837176054,3382.9907254841705,5632.4140625,3281.350341797,
WA1,1.01,RA2,2.22,0.649,0.31,1.892,82.3,58.58679634686001,37.86447674006584,4647.989912607281,6278.314453125,3390.767333984,
WA2,0.09,RA1,2.92,0.506,0.281,0.586,91.1,58.68358722148464,39.871876444499115,4679.345706799033,6401.993652344,3383.342041016,
WA2,4.16,RA2,4.75,0.928,0.257,0.729,84.6,54.68626800367416,34.40019349930053,3407.3293755036416,5655.532226563,3275.514892578,
WA2,1.44,RA2,1.05,1.123,0.468,2.251,90.4,55.12137720058336,35.19902903775266,3545.7264567254706,5951.819335938,3340.910400391,
WA1,2.09,RA2,0.03,0.712,0.253,1.755,81.6,57.90682829033996,36.96315734085287,4431.710344378702,6166.293945313,3364.189208984,
WA2,2.79,RA1,3.76,0.687,0.224,0.649,82.5,56.33951837859144,35.87789319731746,3933.1865809243272,5855.638671875,3301.751708984,
WA2,1.06,RA2,4.02,0.539,0.49,1.105,87.4,56.47633951307259,36.719442568794214,3976.7062748480316,6021.158203125,3339.428466797,
WA2,0.26,RA2,4.44,1.332,0.279,2.432,88.2,56.145936628468846,36.122620399341045,3871.6132300417353,6068.916992188,3367.854736328,
WA1,5.37,RA1,4.33,1.033,0.347,0.877,91.5,53.889430646406424,34.332221585601864,3153.877226967546,5671.411621094,3280.006103516,
WA2,4.67,RA1,1.96,0.588,0.532,2.655,86.4,53.02447588636985,32.10383011773202,2878.756783969672,5549.6171875,3282.417724609,
WA1,2.83,RA1,2.91,1.301,0.265,2.809,87.7,54.60411535820612,34.13699033289651,3381.2000896494046,5831.58984375,3330.045166016,
WA2,0.82,RA2,4.32,1.069,0.639,0.886,82.2,57.8254751837052,37.36551485605619,4405.832251858,6088.107421875,3346.453369141,
WA1,0.82,RA2,5.11,0.913,0.277,1.26,95.1,57.30275648684764,38.90188836037518,4240.139977281001,6328.993164063,3390.892333984,
WA1,3.47,RA1,3.32,0.707,0.385,1.733,94.7,53.91573215256194,34.529370452282706,3162.243654752017,5798.582519531,3314.214111328,
WA1,5.02,RA2,1.68,1.157,0.531,1.004,85.6,55.023730152102246,34.768206863467725,3514.669327811736,5758.153320313,3292.253173828,
WA1,5.48,RA1,5.39,0.876,0.22,2.977,92.5,51.86802914617148,31.40883648241609,2510.9193270087358,5449.87890625,3275.649169922,
WA1,3.19,RA2,2.88,1.218,0.57,1.549,84.1,55.53058799199448,35.02632858513715,3675.886233496265,5844.302246094,3318.894287109,
WA1,5.7,RA2,0.8,0.766,0.491,0.59,88.2,55.32991366301979,35.557353907512,3612.057565945202,5820.135742188,3288.693115234,
WA2,4.22,RA1,5.15,1.173,0.211,1.555,93.1,52.74293483724061,32.968575718290325,2789.2057313980317,5552.693847656,3275.737548828,
WA2,4.74,RA1,2.22,0.918,0.485,2.63,81.2,53.49413849859064,32.00769609095557,3028.143448533626,5532.19921875,3280.193115234,
WA2,1.78,RA1,4.52,1.128,0.476,1.874,83.5,55.277567169785286,34.575395230366404,3595.407175098548,5812.302734375,3320.447021484,
WA1,4.41,RA2,0.33,1.351,0.504,2.703,81.9,54.745823674864646,33.415925219517746,3426.2733316299077,5746.256347656,3310.258056641,
WA2,3.71,RA2,2.19,0.658,0.451,0.528,92.1,54.94659794542934,35.747441458090144,3490.1340089032183,5819.930664063,3290.124755859,
WA1,5.89,RA1,1.43,0.602,0.415,2.839,89.9,52.79914243809298,32.189970545298635,2807.08143669011,5578.50390625,3286.738525391,
WA1,1.92,RA1,5.39,0.953,0.39,0.494,86.3,58.04255672107941,38.43117696578973,4474.880374691015,6169.818359375,3347.414794922,
WA2,3.01,RA2,4.98,0.923,0.439,2.537,95.3,52.39713083047885,32.507474463871226,2679.214140476705,5574.044921875,3292.115478516,
WA2,4.8,RA2,5.67,1.228,0.623,0.524,95.2,53.53277622731546,34.512515101392076,3040.4334877101246,5630.600585938,3265.624755859,
WA2,0.48,RA1,5.39,0.76,0.63,0.64,84.7,58.38432638696954,38.46495802665995,4583.588870889094,6203.638671875,3358.269775391,
WA1,0.9,RA2,1.23,1.357,0.21,1.454,91.6,58.33740010238347,39.37221608282954,4569.23340198872,6428.502929688,3401.115966797,
WA1,2.08,RA2,2.66,1.08,0.331,0.517,94.8,56.877061863695815,38.463548599600784,4104.165042449999,6189.674316406,3348.450439453,
WA1,2.47,RA2,2.06,1.081,0.347,1.922,91.8,55.072761889153085,35.472460974381455,3530.2634033797663,5951.716308594,3339.753173828,
WA2,1.82,RA2,0.79,1.21,0.277,1.039,88.2,56.39658548410442,36.653840169414835,3951.3370801055144,6031.813964844,3332.944580078,
WA2,0.89,RA1,1.71,1.361,0.478,0.776,89.1,57.623771448493585,38.24649824375814,4341.675622084452,6219.694824219,3357.649169922,
WA1,5.04,RA1,4.16,1.1,0.269,0.98,80.7,55.27530180902988,34.39358141645306,3594.6869603757495,5691.840820313,3284.967529297,
WA2,2.65,RA1,2.22,0.685,0.518,2.114,96.6,53.376659548903994,33.93372573780808,2990.775284614843,5760.952148438,3310.914794922,
WA1,2.69,RA2,5.85,0.98,0.255,0.416,95.8,55.89583412514077,37.55201215609565,3792.063262478095,6024.84765625,3322.528564453,
WA1,5.57,RA2,0.94,1.373,0.446,1.695,91.0,53.52250548057492,33.520301962116456,3037.165529651955,5669.958007813,3289.334228516,
WA2,5.38,RA2,5.82,1.179,0.647,2.117,93.6,51.58539539417384,31.37803908759017,2421.020238603483,5383.6484375,3259.060302734,
WA2,4.13,RA2,4.39,1.31,0.263,1.81,85.2,53.31993890989856,32.624368045255295,2972.735733767078,5533.15234375,3276.827880859,
WA2,2.68,RA1,0.55,0.55,0.489,1.896,83.8,55.6152458606539,34.822402397507595,3702.81385935114,5886.165527344,3321.967529297,
WA2,0.14,RA1,3.23,0.901,0.502,0.582,88.7,58.90741153952595,39.702211894962225,4750.540368244878,6375.516601563,3379.697509766,
WA1,1.91,RA2,3.63,1.349,0.609,1.307,82.5,57.5375744671216,37.03259720822323,4314.257815951406,6079.817382813,3350.452392578,
WA2,2.32,RA2,0.07,0.81,0.339,1.531,89.5,55.46811400279619,35.63008041310576,3656.0150854248122,5955.782226563,3327.746826172,
WA1,4.45,RA2,2.49,0.898,0.274,2.279,95.3,52.826593282140095,33.06401201408685,2815.813261697095,5645.669921875,3297.005126953,
WA2,5.01,RA1,3.59,0.629,0.336,2.969,88.9,52.103070331367505,31.267480842372123,2585.680611790767,5439.06640625,3271.185302734,
WA2,5.6,RA1,3.54,0.838,0.203,2.043,84.6,52.81327762412884,31.8440585738484,2811.5793208603745,5455.755371094,3265.261962891,
WA1,4.26,RA2,4.53,0.623,0.284,1.362,89.4,54.15760939753353,34.32296036419738,3239.1772487024527,5703.849121094,3293.475830078,
WA1,5.01,RA2,1.82,1.003,0.409,0.421,80.0,57.02490331208249,36.24140675601917,4151.190595820953,5866.322753906,3291.684814453,
WA2,5.74,RA2,5.01,0.925,0.494,2.716,87.1,51.76085758818395,30.74370360827781,2476.8310567036874,5341.41796875,3257.276123047,
WA2,0.17,RA1,4.59,0.944,0.637,1.937,86.1,57.08817350930994,36.95293624614919,4171.314022503719,6146.662109375,3373.662353516,
WA2,5.21,RA2,3.77,0.928,0.512,0.667,88.7,53.98135765797582,34.141744073314406,3183.116864490938,5614.355957031,3265.885009766,
WA1,0.98,RA2,0.35,0.788,0.595,0.709,82.8,60.95158657896967,40.57184289265238,5400.7389365428135,6540.568359375,3403.487548828,
WA2,2.52,RA2,5.47,0.82,0.33,1.753,95.9,53.129275477783764,33.746296708628996,2912.0893034407827,5678.171875,3299.946044922,
WA1,4.59,RA1,3.59,0.65,0.345,1.188,94.4,53.81896126625529,34.54065951859046,3131.461862227392,5732.599609375,3293.485107422,
WA2,4.11,RA2,4.13,0.586,0.461,2.532,80.2,53.39779070213274,31.873842578941744,2997.497018509109,5489.704101563,3277.796630859,
WA2,4.67,RA2,2.47,1.329,0.273,0.927,88.6,54.064952806243845,34.12140230494423,3209.706220067765,5654.568359375,3276.455322266,
WA1,2.5,RA1,5.5,0.605,0.259,0.396,85.9,57.6802455634548,38.01357106684439,4359.638946543267,6087.599609375,3330.033935547,
WA2,4.9,RA1,5.34,1.038,0.544,1.256,92.1,52.93722617789218,33.19306125509609,2851.0034203363584,5541.701660156,3267.091064453,
WA1,1.33,RA1,5.14,0.628,0.302,0.682,82.2,59.2368882902869,38.87879212615555,4855.339630550939,6269.0390625,3369.518798828,
WA1,4.14,RA2,4.7,0.57,0.549,2.357,80.7,54.14212165787532,32.81913993518337,3234.2496770318444,5605.724609375,3295.061279297,
WA1,4.76,RA1,3.08,0.553,0.254,1.02,81.1,55.58365406991696,34.74345739675857,3692.765302398657,5750.771484375,3292.907470703,
WA1,4.69,RA1,5.52,0.685,0.606,0.84,86.0,54.76460618151522,34.6536900466221,3432.2469102457976,5705.940429688,3286.210205078,
WA1,5.08,RA1,5.65,1.354,0.357,0.775,88.5,54.327108362265136,34.51236734695593,3293.0916368011403,5677.309082031,3280.293701172,
WA1,0.59,RA1,3.47,0.513,0.298,0.858,84.8,60.36142009323624,40.435353887549425,5213.021380003751,6517.970703125,3410.459228516,
WA1,5.55,RA1,5.52,1.266,0.414,2.2,83.1,53.12379530330801,32.02615968839389,2910.346139550499,5484.021484375,3274.448486328,
WA1,5.01,RA1,5.89,0.882,0.431,1.43,92.9,53.24653122342162,33.66651016545829,2949.386666803954,5614.079101563,3280.704833984,
WA2,2.8,RA1,3.12,0.946,0.363,1.114,92.3,54.52925184396607,35.13054712501954,3357.386612963687,5811.922851563,3303.997314453,
WA1,2.96,RA2,2.31,0.911,0.531,2.171,94.3,54.079214585542594,34.54439645812714,3214.2423528491718,5843.180664063,3326.351318359,
WA1,1.74,RA2,5.13,0.67,0.231,2.579,88.1,55.408011979298195,35.24552788864633,3636.8977892984076,5954.7890625,3352.173583984,
WA2,0.08,RA1,4.04,1.105,0.378,1.735,91.5,56.77801229079733,37.52425151757218,4072.659779647017,6208.430664063,3379.603759766,
WA1,2.37,RA1,4.17,1.38,0.534,2.715,82.9,55.486553373743334,34.49723814731524,3661.8820559850615,5867.743164063,3337.313720703,
WA2,2.03,RA1,3.57,1.392,0.255,2.571,92.3,53.69733470652395,33.73442429835112,3092.77506747422,5756.744140625,3317.745849609,
WA2,4.54,RA2,4.81,1.349,0.36,2.117,96.2,51.81327070972735,31.93796252595773,2493.500978661468,5464.708984375,3270.609619141,
WA2,0.88,RA2,2.73,0.61,0.42,0.962,96.0,55.96770603058257,37.43372982937852,3814.9237769408282,6114.376953125,3349.522705078,
WA1,4.43,RA1,4.98,0.948,0.212,0.825,90.3,54.51481349973612,34.94932358566403,3352.794599071125,5747.213867188,3291.615478516,
WA2,1.82,RA1,3.74,1.184,0.497,1.728,88.4,54.90176378921822,34.88072376735534,3475.873755002921,5843.94140625,3322.006103516,
WA2,1.76,RA1,2.99,0.954,0.444,2.495,89.2,54.4436811681736,34.224340303468956,3330.169815997469,5823.399414063,3326.355712891,
WA1,5.94,RA1,5.28,0.607,0.403,2.61,87.5,52.286311375636544,31.451517054558177,2643.963760726282,5434.802246094,3270.365966797,
WA1,1.06,RA1,3.96,1.201,0.598,0.785,87.3,58.87149890636383,39.372786846769905,4739.115129624625,6358.669921875,3384.677001953,
WA2,2.92,RA2,0.66,1.108,0.497,2.166,89.7,54.147431930774744,33.95008452204451,3235.9391300887514,5777.372558594,3311.386474609,
WA2,3.04,RA1,2.35,0.945,0.637,1.985,86.0,54.29817837133279,33.727240173037515,3283.8878065159993,5719.981445313,3303.289306641,
WA2,0.37,RA2,3.54,0.615,0.365,2.495,89.9,55.8399496708005,35.99541820013069,3774.2873835749856,6060.004394531,3365.742431641,
WA2,0.58,RA2,2.07,0.822,0.358,2.102,84.2,56.88879510068105,36.32789023894469,4107.896596064095,6085.935546875,3362.986083984,
WA2,5.46,RA1,0.39,0.774,0.352,0.402,85.5,56.239682591822785,36.181193996820255,3901.4314808989234,5880.893554688,3285.606689453,
WA2,3.41,RA2,5.41,0.74,0.513,1.908,96.8,52.37856153459137,32.82554722859555,2673.3070224164235,5566.558105469,3284.635498047,
WA2,1.93,RA2,0.59,0.94,0.511,0.896,88.4,56.52065396952239,36.841440406641944,3990.8021406926423,6046.145996094,3331.816162109,
WA2,3.69,RA1,2.18,0.892,0.424,2.595,93.4,52.787828959279054,32.67737663667739,2803.4838889094535,5622.93359375,3293.978759766,
WA1,1.59,RA2,1.78,1.016,0.562,2.005,96.3,55.60306288302036,36.726209334918934,3698.938262403595,6135.053710938,3368.804931641,
WA1,1.64,RA2,3.4,0.978,0.392,1.27,81.3,58.22294607564953,37.5359991991039,4532.258033070251,6148.5390625,3360.446044922,
WA2,2.6,RA2,3.24,0.68,0.381,2.006,87.7,54.02312358379412,33.68333268164164,3196.4000133904533,5703.971191406,3304.430908203,
WA1,3.77,RA1,3.1,0.668,0.425,2.101,94.0,53.52054660969104,33.830241281305355,3036.542699929234,5738.318847656,3309.262451172,
WA2,5.62,RA2,3.2,1.053,0.546,1.499,89.6,52.978898823728706,32.887041596336886,2864.258628680296,5518.066894531,3263.561767578,
WA1,2.19,RA1,0.89,0.635,0.508,1.146,87.4,57.556177078036825,37.767965330736516,4320.17578484503,6202.451171875,3359.086669922,
WA2,3.8,RA1,5.08,0.74,0.329,0.776,91.7,54.04256904185608,34.586001489687874,3202.5846378398455,5689.9921875,3281.585693359,
WA1,1.43,RA2,0.9,0.525,0.559,1.173,88.3,58.192210458769054,38.65655073653334,4523.053388896221,6317.86328125,3379.966064453,
WA2,3.88,RA2,0.22,0.643,0.261,1.035,93.7,54.48686294424569,35.17872244980028,3343.9054387862357,5836.061523438,3300.021240234,
WA1,5.78,RA1,2.92,0.518,0.587,0.572,90.2,54.66722897794706,35.13696518547002,3401.274959387687,5744.619628906,3280.057861328,
WA1,5.38,RA2,4.03,1.297,0.379,2.575,94.3,52.01617042194813,31.869491807311473,2558.038467879764,5492.400390625,3278.450439453,
WA1,3.43,RA1,3.0,0.609,0.499,1.888,93.2,54.034666930011696,34.42366327700252,3200.0710745045017,5801.9140625,3316.323974609,
WA2,5.31,RA2,1.43,0.61,0.563,1.223,89.9,53.63471413574476,33.68735532277995,3072.857532736064,5628.233886719,3274.391845703,
WA2,5.61,RA1,1.31,0.596,0.296,1.078,86.9,54.244775820188444,33.99696693852546,3266.9032142801893,5669.778320313,3276.432861328,
WA1,3.2,RA2,4.2,0.602,0.446,1.608,84.2,55.18920143844378,34.67669289344285,3567.3000786871735,5795.85546875,3314.463623047,
WA2,2.18,RA1,4.29,1.239,0.209,2.912,90.3,53.486462923345776,33.17201130833914,3025.7033988094518,5695.256835938,3312.016845703,
